Business_Name,Star_Rating,Total_Review,Area,Address,Zip_Code
Nespresso Boutique,3.5,227,Alphabet City,"92 Prince St New York, NY 10012",10012
Starbucks,2,12,Alphabet City,"125 St Marks Pl New York, NY 10009",10009
Katz’s Delicatessen,4,12566,Alphabet City,"205 E Houston St New York, NY 10002",10002
Clinton Street Baking Company,4,5132,Alphabet City,"4 Clinton St New York, NY 10002",10002
LoveMama,4.5,5208,Alphabet City,"174 2nd Ave New York, NY 10003",10003
Thursday Kitchen,4.5,1364,Alphabet City,"424 E 9th St New York, NY 10009",10009
Upstate Craft Beer & Oyster Bar,4.5,1881,Alphabet City,"95 1st Ave New York, NY 10003",10003
Russ & Daughters,4.5,2272,Alphabet City,"179 E Houston St New York, NY 10002",10002
Ippudo NY,4,10017,Alphabet City,"65 4th Ave New York, NY 10003",10003
Cafe Mogador,4,1920,Alphabet City,"101 St Marks Pl New York, NY 10009",10009
PMF Pardon My French,4,990,Alphabet City,"103 Ave B New York, NY 10009",10009
Bobwhite Counter,4.5,814,Alphabet City,"94 Ave C New York, NY 10009",10009
Amazon Go,5,2,Alphabet City,"315 Park Ave S New York, NY 10010",10010
Ess-a-Bagel,4,3674,Alphabet City,"831 3rd Ave New York, NY 10022",10022
Milky ,4.5,139,Alphabet City,"992 6th Ave New York, NY 10018",10018
Sugar Sweet Sunshine Bakery,4,2073,Alphabet City,"126 Rivington St New York, NY 10002",10002
Kura,4.5,483,Alphabet City,"130 St Marks Pl New York, NY 10009",10009
Sunny and Annie’s,4.5,493,Alphabet City,"94 Ave B New York, NY 10003",10003
Artichoke Basille’s Pizza,4,3981,Alphabet City,"321 E 14th St New York, NY 10003",10003
Please Don’t Tell,4,1788,Alphabet City,"113 St Marks Pl New York, NY 10009",10009
il laboratorio del gelato,4,1316,Alphabet City,"188 Ludlow St New York, NY 10002",10002
The Wayland,4.5,497,Alphabet City,"700 E 9th St New York, NY 10009",10009
Veselka,4,2634,Alphabet City,"144 2nd Ave New York, NY 10003",10003
Sweet Chick,4,1673,Alphabet City,"178 Ludlow St New York, NY 10002",10002
Porto Rico Importing Company,4.5,464,Alphabet City,"201 Bleecker St New York, NY 10012",10012
Rahi,4.5,500,Alphabet City,"60 Greenwich Ave New York, NY 10011",10011
Ray’s Candy Store,4.5,408,Alphabet City,"113 Avenue A New York, NY 10009",10009
Death & Co,4,1517,Alphabet City,"433 E 6th St New York, NY 10009",10009
Tuome,4.5,516,Alphabet City,"536 E 5th St New York, NY 10009",10009
Butter Lane,4,1233,Alphabet City,"123 E 7th St New York, NY 10009",10009
Tompkins Square Bagels - Avenue A,4,1142,Alphabet City,"165 Avenue A New York, NY 10009",10009
Spot Dessert Bar,4,3027,Alphabet City,"13 St Marks Pl New York, NY 10003",10003
Abraço,4.5,850,Alphabet City,"81 E 7th St New York, NY 10003",10003
Westville East,4,1056,Alphabet City,"173 Ave A New York, NY 10009",10009
Brindle Room,4,1023,Alphabet City,"277 E 10th St New York, NY 10009",10009
Somtum Der,4,754,Alphabet City,"85 Ave A New York, NY 10009",10009
Blume/Hütte,4,23,Alphabet City,"1652 2nd Ave New York, NY 10028",10028
Cha-An,4,1796,Alphabet City,"230 E 9th St Fl 2 New York, NY 10003",10003
Giano Restaurant,4.5,614,Alphabet City,"126 E 7th St New York, NY 10009",10009
ChikaLicious Dessert Bar,4,1334,Alphabet City,"203 E 10th St New York, NY 10003",10003
Cornerstone Cafe,4,1118,Alphabet City,"17 Ave B New York, NY 10009",10009
Xe May Sandwich Shop,4.5,632,Alphabet City,"96 Saint Marks Pl New York, NY 10009",10009
Poco - NYC,3.5,1669,Alphabet City,"33 Avenue B New York, NY 10009",10009
Mighty Quinn’s Barbeque,4,1772,Alphabet City,"103 2nd Ave New York, NY 10003",10003
Pig and Khao,4,1657,Alphabet City,"68 Clinton St New York, NY 10002",10002
The Wild Son,4.5,507,Alphabet City,"132 First Ave New York, NY 10009",10009
Doughnut Plant,4.5,3238,Alphabet City,"379 Grand St New York, NY 10002",10002
Spicy Moon West Village,5,78,Alphabet City,"68 W 3rd St New York, NY 10012",10012
Claw Daddy’s,4,1719,Alphabet City,"185 Orchard St New York, NY 10002",10002
Supper,4,1315,Alphabet City,"156 E 2nd St New York, NY 10009",10009
Dian Kitchen,5,237,Alphabet City,"435 E 9th St New York, NY 10009",10009
Buenos Aires,4,555,Alphabet City,"513 E 6th St New York, NY 10009",10009
The Summit Bar,4,395,Alphabet City,"133 Avenue C New York, NY 10009",10009
Angel’s Share,4.5,2118,Alphabet City,"8 Stuyvesant St New York, NY 10003",10003
Van Leeuwen Ice Cream,4,969,Alphabet City,"48 1/2 E 7th St New York, NY 10003",10003
Hanoi House,4,528,Alphabet City,"119 Saint Marks Pl New York, NY 10009",10009
POST,4.5,270,Alphabet City,"42 Ave B New York, NY 10009",10009
Mikey Likes It Ice Cream,4.5,514,Alphabet City,"199 Avenue A New York, NY 10009",10009
Blue Bottle Coffee,4.5,108,Alphabet City,"150 Greenwich St New York, NY 10007",10007
Au Za’atar,4,984,Alphabet City,"188 Avenue A New York, NY 10009",10009
Nai Tapas,4.5,941,Alphabet City,"85 2nd Avenue New York, NY 10003",10003
Mughlai Grill,4.5,377,Alphabet City,"6 Clinton St New York, NY 10002",10002
Zum Schneider,4,583,Alphabet City,"107 Ave C New York, NY 10009",10009
Casa Adela,4,472,Alphabet City,"66 Ave C New York, NY 10009",10009
Oiji,4.5,522,Alphabet City,"119 1st Ave New York, NY 10003",10003
Luzzos La Pizza Napoletana,4,1048,Alphabet City,"211 1st Ave New York, NY 10003",10003
Ten Degrees Bar,4,822,Alphabet City,"121 St Marks Pl New York, NY 10009",10009
Amor y Amargo,4,467,Alphabet City,"443 E 6th St New York, NY 10009",10009
MUD,4,1183,Alphabet City,"307 E 9th St New York, NY 10003",10003
Superiority Burger,4,606,Alphabet City,"430 E 9th St New York, NY 10009",10009
MáLà Project,4,686,Alphabet City,"122 1st Ave New York, NY 10009",10009
Sushi By M,4.5,514,Alphabet City,"75 E 4th St New York, NY 10003",10003
Mamoun’s Falafel - East Village Manhattan,4,1196,Alphabet City,"30 St Marks Pl New York, NY 10003",10003
McSorleys Old Ale House,4.5,1775,Alphabet City,"15 E 7th St New York, NY 10003",10003
Benemon,4.5,580,Alphabet City,"108 E 4th St New York, NY 10003",10003
S’MAC,3.5,2200,Alphabet City,"197 1st Ave New York, NY 10003",10003
Avant Garden,4.5,339,Alphabet City,"130 E 7th St New York, NY 10009",10009
Taverna Kyclades - East Village,4,843,Alphabet City,"228 1st Ave New York, NY 10009",10009
Davey’s Ice Cream,4.5,524,Alphabet City,"137 1st Ave New York, NY 10003",10003
Hui Restaurant & Bar,4.5,176,Alphabet City,"314 E 70th St New York, NY 10021",10021
Pause Cafe,4.5,408,Alphabet City,"3 Clinton St New York, NY 10002",10002
Spicy Moon East Village,4.5,361,Alphabet City,"328 E 6th St New York, NY 10003",10003
Supermoon Bakehouse,4,752,Alphabet City,"120 Rivington St New York, NY 10002",10002
Jeepney,4,1137,Alphabet City,"201 1st Ave New York, NY 10003",10003
Kafana,4,406,Alphabet City,"116 Ave C New York, NY 10009",10009
Esperanto,3.5,699,Alphabet City,"145 Ave C New York, NY 10009",10009
TabeTomo,4.5,373,Alphabet City,"131 Avenue A New York, NY 10009",10009
Royale,4,481,Alphabet City,"157 Ave C New York, NY 10009",10009
Lavagna,4,387,Alphabet City,"545 E 5th St New York, NY 10009",10009
Miss Lily’s 7A,4,711,Alphabet City,"109 Avenue A New York, NY 10009",10009
bibi,4.5,189,Alphabet City,"211 E 4th St New York, NY 10009",10009
Divya’s Kitchen,4.5,383,Alphabet City,"25 1st Ave New York, NY 10003",10003
C&B,4.5,212,Alphabet City,"178 E 7th St New York, NY 10009",10009
Soba-ya,4,1473,Alphabet City,"229 E 9th St New York, NY 10003",10003
Gruppo,4,258,Alphabet City,"98 Avenue B New York, NY 10009",10009
Gnoccheria By Luzzo’s,4,426,Alphabet City,"234 E 4th St New York, NY 10009",10009
Sundaes and Cones,4.5,1497,Alphabet City,"95 E 10th St New York, NY 10003",10003
Madame Vo,4,822,Alphabet City,"212 E 10th St New York, NY 10003",10003
Juice Vitality,5,185,Alphabet City,"192 1st Ave New York, NY 10009",10009
Mazu Szechuan Cuisine,5,31,Alphabet City,"495 3rd Ave New York, NY 10016",10016
SakaMai,4,680,Alphabet City,"157 Ludlow St New York, NY 10002",10002
Grape and Grain,4,312,Alphabet City,"620 E 6th St New York, NY 10009",10009
Banh Mi Zon,4.5,320,Alphabet City,"443 E 6th St New York, NY 10009",10009
Tableside Italian Cook Shoppe,4.5,283,Alphabet City,"345 E 6th St New York, NY 10003",10003
Noreetuh,4,446,Alphabet City,"128 1st Ave New York, NY 10009",10009
La Contenta,4.5,767,Alphabet City,"102 Norfolk St New York, NY 10002",10002
Cafe Himalaya,4,625,Alphabet City,"78 E 1st St New York, NY 10009",10009
El Camion,4,697,Alphabet City,"194 Ave A New York, NY 10009",10009
Punjabi Grocery & Deli,4.5,411,Alphabet City,"114 E 1st St New York, NY 10009",10009
Lil Frankie’s,4,1155,Alphabet City,"19 1st Ave New York, NY 10003",10003
Mama’s Cupboard,5,14,Alphabet City,"235 E 53rd St New York, NY 10022",10022
Sigiri,4,607,Alphabet City,"91 1st Ave New York, NY 10003",10003
Beyond Sushi,4.5,927,Alphabet City,"229 E 14th St New York, NY 10003",10003
Ivan Ramen,3.5,1323,Alphabet City,"25 Clinton St New York, NY 10002",10002
Alphabet City Beer Company,4.5,195,Alphabet City,"96 Ave C New York, NY 10009",10009
Curry-Ya,4,718,Alphabet City,"214 E 10th St New York, NY 10003",10003
Soft Swerve,4.5,1633,Alphabet City,"85B Allen St New York, NY 10002",10002
Keybar,4,597,Alphabet City,"432 E 13th St New York, NY 10009",10009
Secchu Yokota,5,105,Alphabet City,"199 E 3rd St Fl 1 New York, NY 10009",10009
Boulton & Watt,4,678,Alphabet City,"5 Ave A New York, NY 10009",10009
Sons of Essex,4,1248,Alphabet City,"133 Essex St New York, NY 10002",10002
Travertino Cucina Romana,4.5,21,Alphabet City,"118 E 116th St New York, NY 10029",10029
Essex,3.5,2026,Alphabet City,"124 Rivington St New York, NY 10002",10002
Takahachi,4,567,Alphabet City,"85 Ave A New York, NY 10009",10009
Ninth Street Espresso,4,275,Alphabet City,"700 E 9th St New York, NY 10009",10009
Wafels & Dinges,4,576,Alphabet City,"15 Ave B New York, NY 10009",10009
Whitman’s,4,635,Alphabet City,"406 E 9th St New York, NY 10009",10009
Motorino,3.5,1080,Alphabet City,"349 E 12th St Ste A New York, NY 10003",10003
Pouring Ribbons,4,369,Alphabet City,"225 Ave B Fl 2 New York, NY 10009",10009
Ramen Misoya,4,932,Alphabet City,"129 2nd Ave New York, NY 10003",10003
99 Favor Taste,4,683,Alphabet City,"37 St Marks Pl New York, NY 10003",10003
Milk Bar East Village,3.5,3353,Alphabet City,"251 E 13th St New York, NY 10003",10003
Kenka,3.5,1544,Alphabet City,"25 St Marks Pl New York, NY 10003",10003
Sake Bar Decibel,4,985,Alphabet City,"240 E 9th St New York, NY 10003",10003
Gyu-Kaku Japanese BBQ,4,1675,Alphabet City,"34 Cooper Sq New York, NY 10003",10003
Cheese Grille,4,582,Alphabet City,"188 Allen St New York, NY 10002",10002
Souvlaki GR,4,894,Alphabet City,"116 Stanton St New York, NY 10002",10002
Hi-Collar,4,606,Alphabet City,"231 E 9th St New York, NY 10003",10003
B&H Dairy,4.5,477,Alphabet City,"127 2nd Ave New York, NY 10003",10003
Ladybird,4,310,Alphabet City,"111 East 7th St New York, NY 10009",10009
Bohemian Restaurant,4.5,773,Alphabet City,"57 Great Jones St New York, NY 10012",10012
Gnocco,3.5,485,Alphabet City,"337 E 10th St New York, NY 10009",10009
Yours Truly,4,91,Alphabet City,"8 Spring St New York, NY 10012",10012
Uluh,4,330,Alphabet City,"152 2nd Ave Ste A New York, NY 10003",10003
Starbucks,2.5,33,Baychester,"346 Baychester Ave Bronx, NY 10475",10475
Bagels and Cream,3.5,69,Baychester,"1728 Eastchester Rd Bronx, NY 10461",10461
Nick’s Pizza Restaurant,4,64,Baychester,"1356 E Gun Hill Rd Bronx, NY 10469",10469
Central Caribbean Bakery,4.5,30,Baychester,"1322-C E Gunhill Rd East Bronx, NY 10469",10469
Fratelli,4,88,Baychester,"2507 Eastchester Rd Bronx, NY 10469",10469
Bagels On Bartow,4.5,60,Baychester,"2033 Bartow Ave Bronx, NY 10475",10475
Vegans Delight,4.5,53,Baychester,"3565 Boston Rd New York, NY 10469",10469
Golden Glow Cookie Company,4.5,34,Baychester,"1844 Givan Ave Bronx, NY 10469",10469
Ultimate Grill,3.5,66,Baychester,"1345 E Gun Hill Rd Bronx, NY 10469",10469
Caridad and Louie’s Restaurant,3,152,Baychester,"1660 E Gun Hill Rd Bronx, NY 10469",10469
Royal Coach Diner,3.5,203,Baychester,"3260 Boston Rd Bronx County, NY 10469",10469
Jerry’s Pizza,4.5,20,Baychester,"3430 Boston Rd Bronx, NY 10469",10469
Benjamin Steakhouse,4,451,Baychester,"610 Hartsdale Rd White Plains, NY 10607",10607
Benjamin Steakhouse,4,451,Baychester,"610 Hartsdale Rd White Plains, NY 10607",10607
Que Sabrosura! Restaurant & Bar,3,27,Baychester,"48 E 183rd St Bronx, NY 10453",10453
The Dumplin Cove,3.5,61,Baychester,"1530 E 222nd St Bronx, NY 10469",10469
Richie Rich Carribean,3,93,Baychester,"3357 Fish Ave Bronx, NY 10469",10469
Code Red Restaurant & Lounge,3,53,Baychester,"1320 E Gun Hill Rd Bronx, NY 10469",10469
No 1 Restaurant,3.5,13,Baychester,"3004 Eastchester Rd Bronx, NY 10469",10469
Nora Pizza,3.5,24,Baychester,"2456 Eastchester Rd Bronx, NY 10469",10469
Mamma Lorna’s Restaurant,5,4,Baychester,"3007 Eastchester Rd Bronx, NY 10469",10469
Delite Bake Shop,3.5,87,Baychester,"773 Yonkers Ave Yonkers, NY 10704",10704
Villa Maria Pizzeria,3.5,20,Baychester,"2440 Eastchester Rd Bronx, NY 10469",10469
Cousins Maine Lobster - New York,3.5,147,Baychester,"New York, NY 10001",10001
Country Thyme Cuisine,3.5,16,Baychester,"1455 E 222nd St Bronx, NY 10469",10469
Benjamin Steakhouse,4,451,Baychester,"610 Hartsdale Rd White Plains, NY 10607",10607
Starbucks,2.5,33,Baychester,"346 Baychester Ave Bronx, NY 10475",10475
Bagels and Cream,3.5,69,Baychester,"1728 Eastchester Rd Bronx, NY 10461",10461
Que Sabrosura! Restaurant & Bar,3,27,Baychester,"48 E 183rd St Bronx, NY 10453",10453
Benjamin Steakhouse,4,451,Baychester,"610 Hartsdale Rd White Plains, NY 10607",10607
Chuck E. Cheese,3.5,30,Baychester,"1816 Gunhill Rd Bronx, NY 10469",10469
Bronx Soulfood Restaurant,2.5,46,Baychester,"1306A E Gun Hill Rd Bronx, NY 10469",10469
Triple Deuce,5,5,Baychester,"3601 Boston Rd Bronx, NY 10469",10469
Golden Krust Caribbean Restaurant,2.5,18,Baychester,"1381 E Gun Hill Rd Bronx, NY 10469",10469
Rich Restaurant,3.5,18,Baychester,"2485 Eastchester Rd Bronx, NY 10469",10469
The Original Dumpling Shop,3.5,15,Baychester,"3435 Baychester Ave Bronx, NY 10469",10469
Mama G African Kitchen,3.5,7,Baychester,"1322A E Gun Hill Rd Bronx, NY 10467",10467
Fresh Fruits & Fish Market,4,4,Baychester,"1394 E Gun Hill Rd Bronx, NY 10469",10469
Casa Doro Deli,3.5,11,Baychester,"2487 Eastchester Rd Bronx, NY 10469",10469
Starbucks,2.5,33,Baychester,"346 Baychester Ave Bronx, NY 10475",10475
Bagels and Cream,3.5,69,Baychester,"1728 Eastchester Rd Bronx, NY 10461",10461
Starbucks,2.5,33,Baychester,"346 Baychester Ave Bronx, NY 10475",10475
EazyLife Restaurant & Lounge,4,7,Baychester,"1300 E 222nd St The Bronx, NY 10469",10469
Mandarin Wok Restaurant,3.5,7,Baychester,"1232 E Gun Hill Rd New York, NY 10469",10469
Pizza Hut,2,26,Baychester,"2829 Edson Avenue Bronx, NY 10469",10469
Good Taste Chinese Restaurant,3.5,8,Baychester,"3416 Boston Rd Bronx, NY 10469",10469
Domino’s Pizza,1.5,71,Baychester,"3484 Boston Rd Bronx, NY 10469",10469
Joyful Dragon,2.5,11,Baychester,"2829 Edson Ave Ste 2 New York, NY 10469",10469
Royal Tropical Bakery,4,5,Baychester,"3435 Baychester Ave Bronx, NY 10469",10469
White Castle,3,11,Baychester,"3663 Boston Rd Bronx, NY 10466",10466
El Valle Restaurant Bar,2,34,Baychester,"3452 Boston Rd East Bronx, NY 10469",10469
McDonald’s,2,26,Baychester,"2010 Bartow Ave Bronx, NY 10475",10475
Bagels and Cream,3.5,69,Baychester,"1728 Eastchester Rd Bronx, NY 10461",10461
Bagels and Cream,3.5,69,Baychester,"1728 Eastchester Rd Bronx, NY 10461",10461
Yummy House,2,39,Baychester,"2452 Eastchester Ave Bronx, NY 10469",10469
Cooyah Restaurant,3.5,6,Baychester,"3563 Boston Rd New York, NY 10469",10469
Little Negril,5,2,Baychester,"3470 Boston Rd The Bronx, NY 10469",10469
Popeyes Louisiana Kitchen,2,24,Baychester,"360 Baychester Ave Bronx, NY 10475",10475
Burger King,2.5,7,Baychester,"3500 Boston Rd Bronx, NY 10469",10469
Jr Gourmet Deli,4,6,Baychester,"2045 Bartow Ave Bronx, NY 10475",10475
Crazy Taco Mex,4,37,Baychester,"Atlantic Ave Stamford, CT 06901",6901
Bartow Pizza,2,15,Baychester,"2045 Bartow Ave Bronx, NY 10475",10475
Capri II Pizzeria,2.5,9,Baychester,"149 Dreiser Lp New York, NY 10475",10475
C&C Deli Coffee Shop,2.5,13,Baychester,"2438 Eastchester Rd Bronx, NY 10469",10469
Alba’s Restaurant,4,64,Baychester,"400 N Main St Port Chester, NY 10573",10573
Que Sabrosura! Restaurant & Bar,3,27,Baychester,"48 E 183rd St Bronx, NY 10453",10453
Dunkin’,3,6,Baychester,"2451 Eastchester Rd Bronx, NY 10469",10469
Wendy’s,2,17,Baychester,"3636 Boston Road Bronx, NY 10469",10469
Golden Star Garden,3,5,Baychester,"1380 E Gun Hill Rd Bronx, NY 10469",10469
O B’s Bakery,3.5,37,Baychester,"16576 Baisley Blvd Jamaica, NY 11434",11434
Country Boyz Restaurant,3.5,3,Baychester,"1182 E Gun Hill Rd Bronx, NY 10469",10469
AAA Gourmet Deli Mart,4,1 review,Baychester,"3001 Eastchester Rd Bronx, NY 10469",10469
Back Home Caribbean American,3.5,3,Baychester,"3451 Boston Rd Bronx, NY 10469",10469
Boston Road China,3.5,3,Baychester,"3483 Boston Rd Bronx, NY 10469",10469
Dunkin’,2.5,8,Baychester,"1780 E Gun Hill Rd Bronx, NY 10469",10469
Micklind Cake Boutique,5,1 review,Baychester,"3397 Boston Rd The Bronx, NY 10469",10469
Cafe Colonial Restaurant,2.5,137,Baychester,"2072 White Plains Rd Bronx, NY 10462",10462
Que Sabrosura! Restaurant & Bar,3,27,Baychester,"48 E 183rd St Bronx, NY 10453",10453
Starbucks,2.5,33,Baychester,"346 Baychester Ave Bronx, NY 10475",10475
Shake Shack,5,1 review,Baychester,"344 Baychester Ave The Bronx, NY 10475",10475
Kennedy Fried Chicken,3.5,2,Baychester,"1359 E Gun Hill Rd Bronx, NY 10469",10469
KFC,2,12,Baychester,"1125 E Gun Hill Rd Bronx, NY 10469",10469
Guang Hui Restaurant Incorporated,2.5,7,Baychester,"125 Dreiser Lp Bronx, NY 10475",10475
China Wok,3.5,2,Baychester,"3431 Boston Rd Bronx, NY 10469",10469
Dunkin’,1.5,10,Baychester,"1930 Bartow Ave Bronx, NY 10469",10469
Primetime Caribbean Bakery,4,1 review,Baychester,"3418 Boston Rd Bronx, NY 10469",10469
McDonald’s,2.5,4,Baychester,"1212 E Gun Hill Rd Bronx, NY 10467",10467
King Jamaican & American Restaurant,4,1 review,Baychester,"3377 Boston Rd Bronx, NY 10469",10469
Taqueria Los Cascabeles,5,1 review,Baychester,"1153 Boynton Ave Bronx, NY 10472",10472
Alba’s Restaurant,4,64,Baychester,"400 N Main St Port Chester, NY 10573",10573
Starbucks,2.5,33,Baychester,"346 Baychester Ave Bronx, NY 10475",10475
Alba’s Restaurant,4,64,Baychester,"400 N Main St Port Chester, NY 10573",10573
Stuf’d Food Truck,4.5,7,Baychester,"178 Varick Ave Brooklyn, NY 11237",11237
Kmart Little Caesars Pizza Station,2,5,Baychester,"300 Baychester Ave Bronx, NY 10475",10475
Kennedy Fried Chicken,2,3,Baychester,"157 Dreiser Lp Bronx, NY 10475",10475
Bambino’s Best Pizza,2,1 review,Baychester,"3467 Boston Rd Bronx, NY 10469",10469
Original Tony’s Pizza,3.5,3,Baychester,"3467 Boston Rd Bronx, NY 10469",10469
Burger King,1.5,2,Baychester,in Delis,Delis
Kennedy Fried Chicken,2.5,2,Baychester,"3420 Boston Rd Bronx, NY 10469",10469
King Barka Jerk Center,1.5,2,Baychester,"3377 Boston Rd East Bronx, NY 10469",10469
Nap TIme Liquid Creation,4.5,3,Baychester,"300 Coroporate Dr Ste 2 Blauvelt, NY 10913",10913
City Island Express,1,1 review,Baychester,"1738 E Gun Hill Rd Bronx, NY 10469",10469
Que Sabrosura! Restaurant & Bar,3,27,Baychester,"48 E 183rd St Bronx, NY 10453",10453
Starbucks,2.5,33,Baychester,"346 Baychester Ave Bronx, NY 10475",10475
Little Caesars Pizza,1,2,Baychester,"300 Baychester Ave Bronx, NY 10475",10475
Que Sabrosura! Restaurant & Bar,3,27,Baychester,"48 E 183rd St Bronx, NY 10453",10453
Starbucks,2.5,33,Baychester,"346 Baychester Ave Bronx, NY 10475",10475
Que Sabrosura! Restaurant & Bar,3,27,Baychester,"48 E 183rd St Bronx, NY 10453",10453
Chetney’s Cakes,5,3,Baychester,"Elizabeth, NJ 07208",7208
Boston and Fenton deli,1,1 review,Baychester,"3460 Boston Rd Bronx, NY 10469",10469
Starbucks,2.5,33,Baychester,"346 Baychester Ave Bronx, NY 10475",10475
Starbucks,2.5,33,Baychester,"346 Baychester Ave Bronx, NY 10475",10475
Benjamin Steakhouse,4,451,Baychester,"610 Hartsdale Rd White Plains, NY 10607",10607
Que Sabrosura! Restaurant & Bar,3,27,Baychester,"48 E 183rd St Bronx, NY 10453",10453
Noosh Kneads,5,1 review,Baychester,"in Meat Shops, Imported Food", Food
Meat’s Meat,5,5,Baychester,"in Cocktail Bars, Sushi Bars, Steakhouses",ouses
BABA Food Truck,5,1 review,Baychester,"5938 US-209 Kerhonkson, NY 12446",12446
Starbucks,3,56,Bedford Park,"440 East Fordham Rd Fordham Plz Bronx, NY 10458",10458
Que Sabrosura! Restaurant & Bar,3,27,Bedford Park,"48 E 183rd St Bronx, NY 10453",10453
Com Tam Ninh Kieu,4,423,Bedford Park,"2641 Jerome Ave Bronx, NY 10468",10468
Pique 86,4.5,39,Bedford Park,"220 E 198th St Bronx, NY 10458",10458
Jerome Pizza,4,69,Bedford Park,"21 Bedford Park Blvd E Bronx, NY 10468",10468
Bella Pizza,4.5,85,Bedford Park,"19 W Fordham Rd Bronx, NY 10468",10468
National Restaurant & Coffee Shop,4,61,Bedford Park,"8 Bedford Park Blvd E Bronx, NY 10468",10468
Mei Mei Restaurant,3.5,46,Bedford Park,"2833 Grand Concourse Bronx, NY 10468",10468
Pizza Studio,4.5,85,Bedford Park,"444 E. Fordham Rd. Bronx, NY 10458",10458
Bedford Pizza Pasta Restaurant,4,33,Bedford Park,"380 Bedford Park Blvd Bronx, NY 10458",10458
Poe Park,4,17,Bedford Park,"Grand Concourse Bet 192 St East Kingsbridge Rd Bronx, NY 10458",10458
188 Bakery Cuchifritos,4,80,Bedford Park,"158 E 188th St Bronx, NY 10468",10468
Bagels and Cream,3.5,69,Bedford Park,"1728 Eastchester Rd Bronx, NY 10461",10461
Benjamin Steakhouse,4,451,Bedford Park,"610 Hartsdale Rd White Plains, NY 10607",10607
Cafe Colonial Restaurant,2.5,137,Bedford Park,"2072 White Plains Rd Bronx, NY 10462",10462
Emilio’s Pizza,4,24,Bedford Park,"80 W Kingsbridge Rd Bronx, NY 10468",10468
Pugsley’s Pizza,4.5,154,Bedford Park,"590 E 191st St Bronx, NY 10458",10458
Las Maravillas de Mexico Restaurant,3.5,51,Bedford Park,"11 Bedford Park Blvd E Bronx, NY 10468",10468
Bedford Cafe & Restaurant,3,98,Bedford Park,"1 Bedford Park Blvd E Bronx, NY 10468",10468
Montezuma Mexican Restaurant,3,125,Bedford Park,"119 W Kingsbridge Rd Bronx, NY 10468",10468
Caridad Restaurant,3.5,95,Bedford Park,"135 W Kingsbridge Rd Bronx, NY 10468",10468
Kingsbridge Coffee Shop & Deli,4,19,Bedford Park,"17 E Kingsbridge Rd Bronx, NY 10468",10468
Corky’s Restaurant,3.5,32,Bedford Park,"2537 Grand Concourse Bronx, NY 10458",10458
Sazon De Lupita Antojitos Mexicanos,4,31,Bedford Park,"155 W Kingsbridge Rd Ste A Bronx, NY 10468",10468
Areitos Lounge and Grill,5,8,Bedford Park,"2510 Valentine Ave Bronx, NY 10458",10458
Maple & Rose,4.5,65,Bedford Park,"690 Mamaroneck Ave Mamaroneck NY, NY 10543",10543
Benjamin Steakhouse,4,451,Bedford Park,"610 Hartsdale Rd White Plains, NY 10607",10607
Starbucks,3,56,Bedford Park,"440 East Fordham Rd Fordham Plz Bronx, NY 10458",10458
Que Sabrosura! Restaurant & Bar,3,27,Bedford Park,"48 E 183rd St Bronx, NY 10453",10453
Benjamin Steakhouse,4,451,Bedford Park,"610 Hartsdale Rd White Plains, NY 10607",10607
Que Sabrosura! Restaurant & Bar,3,27,Bedford Park,"48 E 183rd St Bronx, NY 10453",10453
Gyro King,4,46,Bedford Park,"50 E Fordham Rd Bronx, NY 10468",10468
Bronx Night Market,4.5,29,Bedford Park,"1 Fordham Plz Bronx, NY 10458",10458
Family’s Cafe,4,46,Bedford Park,"2378 Jerome Ave Bronx, NY 10468",10468
Pat O’brien Pub,5,6,Bedford Park,"28 E Kingsbridge Rd Bronx, NY 10468",10468
Battambang Market,4.5,7,Bedford Park,"229 E Kingsbridge Rd Bronx, NY 10458",10458
Double Dragon Restaurant,3.5,15,Bedford Park,"2647 Jerome Ave New York, NY 10468",10468
Dunkin’,4,11,Bedford Park,"2 E Kingsbridge Ave Bronx, NY 10468",10468
New Capital Restaurant,2.5,43,Bedford Park,"2 W Kingsbridge Rd Bronx, NY 10468",10468
My Place Pizza,4,11,Bedford Park,"240 E 198th St Bronx, NY 10458",10458
Los Girasoles Restaurant,4.5,18,Bedford Park,"2613 Webster Ave Bronx, NY 10458",10458
Bagels and Cream,3.5,69,Bedford Park,"1728 Eastchester Rd Bronx, NY 10461",10461
Que Sabrosura! Restaurant & Bar,3,27,Bedford Park,"48 E 183rd St Bronx, NY 10453",10453
Starbucks,3,56,Bedford Park,"440 East Fordham Rd Fordham Plz Bronx, NY 10458",10458
3 Way Restaurant,3.5,64,Bedford Park,"384 E 188th St Bronx, NY 10458",10458
Primavera Cafe,3.5,39,Bedford Park,"387 E Fordham Rd Bronx, NY 10458",10458
Texas Chicken & Burgers,3,19,Bedford Park,"32 E Kingsbridge Rd Bronx New York, NY 10468",10468
Mirador,3,22,Bedford Park,"44 W Kingsbridge Rd New York, NY 10468",10468
Perista Restaurant,2.5,37,Bedford Park,"101 W Kingsbridge Rd Bronx, NY 10468",10468
Fordham Fried Seafood And Chicken,3.5,23,Bedford Park,"2468 Grand Concourse Bronx, NY 10458",10458
Tony’s Halal Food,4,19,Bedford Park,"156-198 Bedford Park Blvd W Bronx, NY 10468",10468
Wai Kang Restaurant,3.5,12,Bedford Park,"39 Bedford Park Blvd New York, NY 10468",10468
Lin Home Chinese Restaurant,4,10,Bedford Park,"2461 University Ave Bronx, NY 10468",10468
Kawah Chinese Restaurant,4,27,Bedford Park,"3044 Valentine Ave Bronx, NY 10458",10458
Benjamin Steakhouse,4,451,Bedford Park,"610 Hartsdale Rd White Plains, NY 10607",10607
Benjamin Steakhouse,4,451,Bedford Park,"610 Hartsdale Rd White Plains, NY 10607",10607
Oscar’s Kitchen,2.5,23,Bedford Park,"2618 Jerome Ave Bronx, NY 10468",10468
Sugarboy Bakery,3,70,Bedford Park,"3071 Bailey Ave Bronx, NY 10463",10463
Chris’ Burger Joint,3.5,12,Bedford Park,"101 W Kingsbridge Rd Bronx, NY 10468",10468
LJ Pizza,3.5,7,Bedford Park,"2734 Jerome Ave Bronx, NY 10468",10468
El Sabor Latino,2,44,Bedford Park,"2968 Jerome Ave Bronx, NY 10468",10468
Pasteles Capy,5,5,Bedford Park,"13 E Fordham Rd Bronx, NY 10468",10468
Taco’s El Paisanito,4,30,Bedford Park,"202 W Fordham Rd Bronx, NY 10468",10468
Boca Restaurant and Lounge,3,77,Bedford Park,"2458 Webster Ave Bronx, NY 10458",10458
Diamante Poblano Restaurant,4,16,Bedford Park,"2431 Jerome Ave Bronx, NY 10468",10468
El Mangu Sabroso Restaurant,2,34,Bedford Park,"80 W Kingsbridge Rd Bronx, NY 10468",10468
Bagels and Cream,3.5,69,Bedford Park,"1728 Eastchester Rd Bronx, NY 10461",10461
Que Sabrosura! Restaurant & Bar,3,27,Bedford Park,"48 E 183rd St Bronx, NY 10453",10453
Starbucks,3,56,Bedford Park,"440 East Fordham Rd Fordham Plz Bronx, NY 10458",10458
Hong Kong Kitchen,3,11,Bedford Park,"214 E 198th St Bronx, NY 10458",10458
O’Shea’s Emerald Bar,3.5,7,Bedford Park,"2960 Jerome Ave Bronx, NY 10468",10468
Lehman Cigars,5,2,Bedford Park,"388A Bedford Park Blvd Jerome Park, NY 10458",10458
Mexican Fast Food,3,6,Bedford Park,"2620 Jerome Ave Bronx, NY 10468",10468
H & M Bakery Corporation,5,2,Bedford Park,"18 Bedford Park Blvd E Bronx, NY 10468",10468
Tenochtitlan Taqueria,3.5,11,Bedford Park,"2445 Creston Ave Bronx, NY 10468",10468
El Coqui Bakery,4.5,3,Bedford Park,"58 W Kingsbridge Rd Bronx, NY 10468",10468
Foo Hing Kitchen,4,12,Bedford Park,"2895 Sedgwick Ave Bronx, NY 10468",10468
Bagels and Cream,3.5,69,Bedford Park,"1728 Eastchester Rd Bronx, NY 10461",10461
Que Sabrosura! Restaurant & Bar,3,27,Bedford Park,"48 E 183rd St Bronx, NY 10453",10453
Starbucks,3,56,Bedford Park,"440 East Fordham Rd Fordham Plz Bronx, NY 10458",10458
House Pizza,3.5,21,Bedford Park,"246 E 204th St Bronx, NY 10458",10458
Tony’s Pizzeria,2,18,Bedford Park,"53 E Kingsbridge Rd Bronx, NY 10468",10468
Plato & Rumba,2.5,14,Bedford Park,"2958 Jerome Ave Bronx, NY 10468",10468
Madden’s Bedford Pub,4,4,Bedford Park,"27 Bedford Park Blvd E Bronx, NY 10468",10468
Starbucks,3,35,Bedford Park,"171 W 230th St Bronx, NY 10463",10463
Pete’s Cafe,3,50,Bedford Park,"570 E Fordham Rd Bronx, NY 10458",10458
Happy Garden,4,3,Bedford Park,"277 E Kingsbridge Rd Bronx, NY 10458",10458
St James Park,4,3,Bedford Park,"2530 Jerome Ave Bronx, NY 10468",10468
Saigon Market,4,4,Bedford Park,"2465 University Ave Bronx, NY 10468",10468
Starbucks,3,56,Bedford Park,"440 East Fordham Rd Fordham Plz Bronx, NY 10458",10458
Fokkus Room & Cucine,2.5,36,Bedford Park,"138 W Fordham Rd Bronx, NY 10468",10468
Chipotle Mexican Grill,2,67,Bedford Park,"4760 3rd Ave Bronx, NY 10458",10458
Fresh Smoothies & Cafe,3,14,Bedford Park,"2450 Creston Ave Bronx, NY 10468",10468
Andiamo Cafe,3,14,Bedford Park,"2467 Grand Concourse Bronx, NY 10468",10468
White Castle,3,30,Bedford Park,"550 E Fordham Rd Bronx, NY 10458",10458
La Cabana 2 Salvadorena Restaurant,3.5,13,Bedford Park,"3150 Villa Ave Bronx, NY 10468",10468
Best Italian Pizza,3.5,9,Bedford Park,"202 E Fordham Rd Bronx, NY 10458",10458
La Cocina,2.5,6,Bedford Park,"12 E Kingsbridge Rd Bronx, NY 10468",10468
Parilla Latina,2,32,Bedford Park,"2501 Webster Ave Bronx, NY 10458",10458
El Hidalgense,5,1 review,Bedford Park,"The Bronx, NY 10458",10458
Maple & Rose,4.5,65,Bedford Park,"690 Mamaroneck Ave Mamaroneck NY, NY 10543",10543
Starbucks,3,56,Bedford Park,"440 East Fordham Rd Fordham Plz Bronx, NY 10458",10458
Que Sabrosura! Restaurant & Bar,3,27,Bedford Park,"48 E 183rd St Bronx, NY 10453",10453
El Buen Ambiente,2.5,8,Bedford Park,"108 E 198th St Bronx, NY 10468",10468
Moms Bakery Corporation,2.5,17,Bedford Park,"2425 Grand Concourse Bronx, NY 10458",10458
Lehman College Harmony Café,4.5,3,Bedford Park,"250 W Bedford Park Blvd Music Building New York, NY 10468",10468
Merryland buffet,3,15,Bedford Park,"2496 Elm Pl West Bronx, NY 10458",10458
Rams Deli Plus,4,11,Bedford Park,"574 E Fordham Rd West Bronx, NY 10458",10458
Best Italian Pizza,3.5,12,Bedford Park,"2367 Grand Concourse Bronx, NY 10468",10468
Sedgwick Deli Grocery,3.5,6,Bedford Park,"2701 Sedgwick Ave Bronx, NY 10468",10468
Kennedy Fried Chicken,3,3,Bedford Park,"67 W Kingsbridge Rd Bronx, NY 10468",10468
Brothers Pizzeria,1.5,10,Bedford Park,"27 E Kingsbridge Rd Bronx, NY 10468",10468
McDonald’s,1.5,16,Bedford Park,"2630 Jerome Ave Bronx, NY 10468",10468
Starbucks,3,56,Bedford Park,"440 East Fordham Rd Fordham Plz Bronx, NY 10458",10458
Daisies Juice Bar,5,3,Bedford Park,"227 E 204th St The Bronx, NY 10458",10458
2 Bros Pizza,4,4,Bedford Park,"207 E Fordham Rd West Bronx, NY 10458",10458
The Bronx Burger,3.5,2,Bedford Park,"2767 Marion Ave Bronx, NY 10458",10458
Monte Pizza,3,11,Bedford Park,"360 E 188th St Bronx, NY 10458",10458
Fordham Road Bakery,3.5,5,Bedford Park,"15 W Fordham Rd Bronx, NY 10468",10468
mi casa,2.5,3,Bedford Park,"58 W Kingsbridge Rd Bronx, NY 10468",10468
Lupitas Restaurante,4.5,3,Bedford Park,"2366 Grand Concourse Bronx, NY 10458",10458
Panda Express,2,31,Bedford Park,"1 W Fordham Rd Bronx, NY 10468",10468
Dunkin’,3,9,Bedford Park,"4 E Fordham Rd Bronx, NY 10468",10468
F & G El Valle Restaurant Corporation,2,26,Bedford Park,"2448 Jerome Ave Bronx, NY 10468",10468
Que Sabrosura! Restaurant & Bar,3,27,Bedford Park,"48 E 183rd St Bronx, NY 10453",10453
Bagels and Cream,3.5,69,Bedford Park,"1728 Eastchester Rd Bronx, NY 10461",10461
Pick Up Six,3,14,Bedford Park,"221 W 230th St Bronx, NY 10463",10463
Casa Perez,3,3,Bedford Park,"44 W Kingsbridge Rd New York, NY 10468",10468
Number One Restaurant,3,2,Bedford Park,"64 W Kingsbridge Rd Bronx, NY 10468",10468
Tacos El Chuleton,3.5,7,Bedford Park,"2399 Grand Concourse The Bronx, NY 10468",10468
New Luen Hing,2,22,Bedford Park,"3010 Bailey Ave Bronx, NY 10463",10463
Dunkin’,2.5,23,Bedford Park,"5501 Broadway Bronx, NY 10463",10463
Welcome to the Family Coffee Shop,5,3,Bedford Park,"219 W 230th St Bronx, NY 10463",10463
Checkers,2,15,Bedford Park,"379 East Fordham Rd Bronx, NY 10458",10458
Laura’s Pizza,3,9,Bedford Park,"3073 Bailey Ave Bronx, NY 10463",10463
El Rancho Deli Grocery,2.5,4,Bedford Park,"19 E Kingsbridge Rd Fordham Manor, NY 10468",10468
Starbucks,3,56,Bedford Park,"440 East Fordham Rd Fordham Plz Bronx, NY 10458",10458
Que Sabrosura! Restaurant & Bar,3,27,Bedford Park,"48 E 183rd St Bronx, NY 10453",10453
Bagels and Cream,3.5,69,Bedford Park,"1728 Eastchester Rd Bronx, NY 10461",10461
Elsa La Reina Del Chicharron,3,9,Bedford Park,"1 E 183rd St Bronx, NY 10453",10453
Popeyes Louisiana Kitchen,2,11,Bedford Park,"215 E Fordham Rd Bronx, NY 10458",10458
Liberato Restaurant,2,24,Bedford Park,"1 W 183rd St New York, NY 10468",10468
Kennedy Fried Chicken & Pizza,2.5,2,Bedford Park,"2558 Grand Conc Bronx, NY 10458",10458
Wingstop,2,18,Bedford Park,"305 E. Fordham Rd Bronx, NY 10458",10458
Domino’s Pizza,1,67,Bedford Park,"2463 Webster Ave Bronx, NY 10458",10458
Burger King,2,14,Bedford Park,"215 /213 East Fordham Rd Bronx, NY 10458",10458
Villa Pizza,5,2,Bedford Park,"3133 Villa Ave Bronx, NY 10468",10468
Best Deli & Grill,3,11,Bedford Park,"536 E Fordham Rd New York, NY 10458",10458
New China Chinese Resturant,4.5,3,Bedford Park,"250 E 204th St Bronx, NY 10458",10458
Starbucks,3,56,Bedford Park,"440 East Fordham Rd Fordham Plz Bronx, NY 10458",10458
Starbucks,3,56,Bedford Park,"440 East Fordham Rd Fordham Plz Bronx, NY 10458",10458
Subway,2.5,2,Bedford Park,"38 W Kingbridge Rd Bronx, NY 10468",10468
Bronx Bites,4.5,2,Bedford Park,"113 E 184th St New York, NY 10468",10468
Grilled Cheese Eatery,3.5,2,Bedford Park,"101 W Kingsbridge Rd Bronx, NY 10468",10468
Connie’s Deli,4,5,Bedford Park,"240 E 204th St Bronx, NY 10458",10458
Lucky Star,3,3,Bedford Park,"145 W Kingsbridge Rd Bronx, NY 10468",10468
Kennedy Fried Chicken,2.5,12,Bedford Park,"2371 Grand Concourse West Bronx, NY 10468",10468
Boston Market,2,18,Bedford Park,"5520 Broadway Bronx, NY 10463",10463
Little Caesars Pizza,1.5,8,Bedford Park,"119 W Kingsbridge Rd Bronx, NY 10468",10468
Los Balbuena,4.5,2,Bedford Park,"2376 Ryer Ave Bronx, NY 10458",10458
Dominican Sweet Stand,3,1 review,Bedford Park,in Caribbean,bbean
Starbucks,3,56,Bedford Park,"440 East Fordham Rd Fordham Plz Bronx, NY 10458",10458
Finix Cafe & Juice Bar,3,4,Bedford Park,"2419 Grand Concourse Bronx, NY 10468",10468
Rafaelina Restaurant Bar,1.5,20,Bedford Park,"2776 Webster Ave Bronx, NY 10458",10458
McDonald’s,2.5,8,Bedford Park,"372 E Fordham Rd Bronx, NY 10458",10458
Maria Bonita Bakery Juice Bar,5,1 review,Bedford Park,"42 W Fordham Rd The Bronx, NY 10468",10468
China Wok,2,3,Bedford Park,"47 E Kingsbridge Rd Bronx, NY 10468",10468
DELICIOUS PIZZA AND CAFÉ RESTAURANT,5,1 review,Bedford Park,"269 West Kingsbridge Rd New York, NY 10463",10463
Little Caesars,2,7,Bedford Park,"2537 Decatur Ave Bronx, NY 10458",10458
Dunkin’ Donuts,2,9,Bedford Park,"327 E Fordham Rd Bronx, NY 10458",10458
Dairy Queen Grill & Chill,3,18,Belmont,"103 E Front St Bonner Springs, KS 66012",66012
First Watch,4,109,Belmont,"11112 W 63rd Shawnee, KS 66203",66203
Pizza West,4.5,114,Belmont,"5436 Roberts St Shawnee, KS 66226",66226
Twisted Fresh,4,184,Belmont,"22030 W 66th St Shawnee, KS 66226",66226
Knub’s Pub,4,110,Belmont,"5386 Roberts St Shawnee, KS 66226",66226
Nick and Jake’s,4,55,Belmont,"22220 Midland Dr Shawnee, KS 66226",66226
Third Space Coffee,4.5,37,Belmont,"226 Oak St Bonner Springs, KS 66012",66012
Sombrero’s Mexican Cantina,3.5,109,Belmont,"22702 Midland Dr Shawnee, KS 66226",66226
Red Fortune,4,67,Belmont,"117 Oak St Bonner Springs, KS 66012",66012
Dari Dine,4.5,25,Belmont,"101 W Kump St Bonner Springs, KS 66012",66012
Kobi’s Bar & Grill,4,20,Belmont,"113 Oak St Bonner Springs, KS 66012",66012
The Other Place,3,55,Belmont,"22730 Midland Dr Shawnee, KS 66226",66226
Starbucks,3,31,Belmont,"6620 Monticello Rd Shawnee, KS 66226",66226
Pinstripes,3.5,250,Belmont,"13500 Nall Ave Overland Park, KS 66223",66223
East China,3.5,21,Belmont,"5556 Hedge Ln Shawnee, KS 66226",66226
Pizza Shoppe,3.5,18,Belmont,"22014 W 66th St Shawnee, KS 66226",66226
China King,3,32,Belmont,"22068 W 66th St Shawnee, KS 66226",66226
Sutera’s Shawnee,3.5,42,Belmont,"22716 Midland Dr Shawnee, KS 66226",66226
Pegah’s Family Restaurant,3.5,43,Belmont,"5354 Roberts St Shawnee, KS 66226",66226
Country Club Cafe,4,29,Belmont,"21911 W 66th St Shawnee, KS 66226",66226
Tanner’s Bar & Grill- Shawnee,2.5,66,Belmont,"22374 W 66th St Shawnee, KS 66226",66226
Papa Murphy’s,4,6,Belmont,"6636 Monticello Road Shawnee, KS 66226",66226
CoffeeCakeKC,5,24,Belmont,in Coffee & Tea,& Tea
Starbucks,3,31,Belmont,"6620 Monticello Rd Shawnee, KS 66226",66226
True Food Kitchen,4,184,Belmont,"4749 Pennsylvania Ave Kansas City, MO 64112",64112
Dairy Queen Grill & Chill,3,18,Belmont,"103 E Front St Bonner Springs, KS 66012",66012
Dave & Buster’s,3,147,Belmont,"1843 Village West Pkwy Ste 201 Kansas City, KS 66109",66109
True Food Kitchen,4,184,Belmont,"4749 Pennsylvania Ave Kansas City, MO 64112",64112
Erfurt Park,5,2,Belmont,"24135 W 71st St Shawnee, KS 66227",66227
Dairy Queen Grill & Chill,3,18,Belmont,"103 E Front St Bonner Springs, KS 66012",66012
Casey’s,3.5,11,Belmont,"20810 Johnson Dr Shawnee, KS 66218",66218
Chipotle Mexican Grill,2,33,Belmont,"22235 W 66th St Shawnee, KS 66226",66226
QuikTrip,4,6,Belmont,"20605 Shawnee Mission Pkwy Shawnee, KS 66218",66218
Ten & Two Coffee Bar,5,4,Belmont,"611 W 2nd St Bonner Springs, KS 66012",66012
Dairy Queen Grill & Chill,2.5,12,Belmont,"22520 Midland Dr Shawnee, KS 66226",66226
Subway,2.5,12,Belmont,"22320 Midland Dr Shawnee Crossings Shopping Ctr Shawnee, KS 66226",66226
4th Street Cafe,4,9,Belmont,"104 S 4th St Edwardsville, KS 66111",66111
Papa John’s Pizza,2.5,16,Belmont,"22358 West 66Th Street Ste 4 Shawnee, KS 66226",66226
Denny’s,2,53,Belmont,"9001 Shawnee Mission Pkwy Merriam, KS 66202",66202
Brio Italian Grille,3.5,436,Belmont,"502 Nichols Dr Country Club Plaza Kansas City, MO 64112",64112
Tuk Tuk Thai,4.5,13,Belmont,"8351 W 135th St Overland Park, KS 66223",66223
Goodcents Deli Fresh Subs,2,11,Belmont,"22724 Midland Dr Shawnee, KS 66226",66226
Indios Carbonsitos Mexiq Food Truck,4.5,18,Belmont,"10TH And Orville Kansas City, KS 66102",66102
McDonald’s,2,15,Belmont,"22315 W 66th St Shawnee, KS 66226",66226
Wendy’s,1.5,12,Belmont,"22510 Midland Drive Shawnee, KS 66226",66226
Domino’s Pizza,1.5,21,Belmont,"22231 W 66th St Shawnee, KS 66226",66226
Squishiebaby Sweets,5,1 review,Belmont,"6344 Lakecrest Dr Shawnee, KS 66218",66218
Sonic Drive-In,1.5,10,Belmont,"11555 Kaw Dr Bonner Springs, KS 66012",66012
Patron Pollo N Beef,4.5,27,Belmont,"1100 E Santa Fe St Olathe, KS 66061",66061
Smallcakes,4,1 review,Belmont,"6638 Monticello Rd Shawnee, KS 66226",66226
Charles J Stump Memorial Park,3.5,4,Belmont,"4875 Woodland Drive Shawnee, KS 66218",66218
Dairy Queen Grill & Chill,3,18,Belmont,"103 E Front St Bonner Springs, KS 66012",66012
Brio Italian Grille,3.5,436,Belmont,"502 Nichols Dr Country Club Plaza Kansas City, MO 64112",64112
Ying’s Thai Food,4.5,8,Belmont,"201 N Forest Ave Ste 130 Independence, MO 64050",64050
Daylight Donuts,4.5,2,Belmont,"619 A E Front St Ste A Bonner Springs, KS 66012",66012
Johnson County Park,3,1 review,Belmont,"20200 Johnson Dr Shawnee, KS 66218",66218
Koller Enterprises,5,1 review,Belmont,"19919 Shawnee Mission Pkwy Shawnee, KS 66218",66218
Hillcrest Country Club,2.5,9,Belmont,"8200 Hillcrest Rd Kansas City, MO 64138",64138
True Food Kitchen,4,184,Belmont,"4749 Pennsylvania Ave Kansas City, MO 64112",64112
Denny’s,2,53,Belmont,"9001 Shawnee Mission Pkwy Merriam, KS 66202",66202
Pinstripes,3.5,250,Belmont,"13500 Nall Ave Overland Park, KS 66223",66223
Vogie’s Mobile Bistro,5,1 review,Belmont,"20126 W 220th st Spring Hill, KS 66441",66441
Running Wild Barbeque Style,2,1 review,Belmont,,
Amazon Go,5,2,Gramercy,"315 Park Ave S New York, NY 10010",10010
Nespresso Boutique at Macy’s,4,36,Gramercy,"151 W 34th St 8th Floor New York, NY 10001",10001
Artichoke Basille’s Pizza,4,3981,Gramercy,"321 E 14th St New York, NY 10003",10003
Beyond Sushi,4.5,927,Gramercy,"229 E 14th St New York, NY 10003",10003
Boucherie Union Square,4.5,863,Gramercy,"225 Park Ave S New York, NY 10003",10003
Union Square Cafe,4,1227,Gramercy,"101 E 19th St New York, NY 10003",10003
Gramercy Tavern,4.5,2935,Gramercy,"42 E 20th St New York, NY 10003",10003
Maialino,4,1386,Gramercy,"2 Lexington Ave New York, NY 10010",10010
Dear Irving,4,647,Gramercy,"55 Irving Pl New York, NY 10003",10003
Casa Mono,3.5,1244,Gramercy,"52 Irving Pl New York, NY 10003",10003
Daily Provisions,4.5,427,Gramercy,"103 E 19th St New York, NY 10003",10003
Bite,4,623,Gramercy,"211 E 14th St New York, NY 10003",10003
Amazon Go,5,2,Gramercy,"315 Park Ave S New York, NY 10010",10010
Blue Bottle Coffee,4.5,108,Gramercy,"150 Greenwich St New York, NY 10007",10007
The Winslow Gin House And Eatery,4.5,540,Gramercy,"243 E 14th St New York, NY 10003",10003
Posto,4,613,Gramercy,"310 2nd Ave New York, NY 10003",10003
Ippudo NY,4,10017,Gramercy,"65 4th Ave New York, NY 10003",10003
Caffè Panna,4.5,173,Gramercy,"77 Irving Pl New York, NY 10003",10003
Thai Villa,4.5,3562,Gramercy,"5 E 19th St G Floor New York, NY 10003",10003
ABC Kitchen,4,2986,Gramercy,"35 E 18th St New York, NY 10003",10003
Lamarca Cheese Shop,4,417,Gramercy,"161 E 22nd St New York, NY 10010",10010
Joe Jr. Restaurant,4,378,Gramercy,"167 3rd Ave New York, NY 10003",10003
Awesum Dimsum,5,148,Gramercy,"160 E 23rd St New York, NY 10010",10010
Nespresso Boutique,3.5,227,Gramercy,"92 Prince St New York, NY 10012",10012
Ess-a-Bagel,4,3674,Gramercy,"831 3rd Ave New York, NY 10022",10022
Nespresso Boutique,3.5,227,Gramercy,"92 Prince St New York, NY 10012",10012
Spicy Moon West Village,5,78,Gramercy,"68 W 3rd St New York, NY 10012",10012
Grill 21,4,529,Gramercy,"346 E 21st St Apt 1 New York, NY 10010",10010
The Stand Comedy Club and Restaurant,4,580,Gramercy,"116 E 16th St New York, NY 10003",10003
Crocodile Lounge,3.5,783,Gramercy,"325 E 14th St New York, NY 10003",10003
The Halal Guys,3.5,776,Gramercy,"307 E 14th St New York, NY 10003",10003
Molly’s,4,516,Gramercy,"287 3rd Ave New York, NY 10010",10010
Proong Noodle Bar,4.5,158,Gramercy,"347 1st Ave New York, NY 10010",10010
PaTea,4.5,236,Gramercy,"227 E 14th St New York, NY 10003",10003
5 Napkin Burger Union Square,3.5,828,Gramercy,"150 E 14th St New York, NY 10003",10003
L’Express,3.5,826,Gramercy,"249 Park Ave S New York, NY 10003",10003
Bar Jamón,4,287,Gramercy,"125 E 17th St New York, NY 10003",10003
Hui Restaurant & Bar,4.5,176,Gramercy,"314 E 70th St New York, NY 10021",10021
Waypoint Cafe,4.5,29,Gramercy,"65 Ludlow St New York, NY 10002",10002
Tres Leches Cafe,5,142,Gramercy,"356 E 112th St New York, NY 10029",10029
Jack’s Sliders & Sushi,4,337,Gramercy,"171 3rd Ave New York, NY 10003",10003
GupShup,4,326,Gramercy,"115 E18th St New York, NY 10003",10003
Ampersand,4.5,219,Gramercy,"294 3rd Ave New York, NY 10010",10010
Milk Bar East Village,3.5,3353,Gramercy,"251 E 13th St New York, NY 10003",10003
Cibar,4,312,Gramercy,"56 Irving Pl New York, NY 10003",10003
Javelina,3.5,474,Gramercy,"119 E 18th St New York, NY 10003",10003
Joe’s Pizza,4,918,Gramercy,"150 E 14th St New York, NY 10003",10003
David’s Bagels,4,353,Gramercy,"273 1st Ave New York, NY 10003",10003
Pete’s Tavern,3.5,610,Gramercy,"129 E 18th St New York, NY 10003",10003
Craft,4,1021,Gramercy,"43 E 19th St New York, NY 10003",10003
Mama’s Cupboard,5,14,Gramercy,"235 E 53rd St New York, NY 10022",10022
Blume/Hütte,4,23,Gramercy,"1652 2nd Ave New York, NY 10028",10028
Yama,3.5,426,Gramercy,"122 E 17th St New York, NY 10003",10003
Novita Restaurant,4,340,Gramercy,"102 E 22nd St New York, NY 10010",10010
Sunburst Espresso Bar,3.5,491,Gramercy,"206 3rd Ave New York, NY 10003",10003
Barn Joo,4,1639,Gramercy,"35 Union Sq W New York, NY 10003",10003
Irving Farm New York,3.5,521,Gramercy,"71 Irving Pl New York, NY 10003",10003
Lady Mendl’s Tea Salon,3.5,290,Gramercy,"56 Irving Pl Inn at Irving Place New York, NY 10003",10003
Sundaes and Cones,4.5,1497,Gramercy,"95 E 10th St New York, NY 10003",10003
Citizens Of Gramercy,4,142,Gramercy,"362 2nd Ave New York, NY 10010",10010
Ess-A-Bagel,4,871,Gramercy,"324 1st Ave New York, NY 10009",10009
Barbounia,3.5,1290,Gramercy,"250 Park Ave S New York, NY 10003",10003
Uluh,4,330,Gramercy,"152 2nd Ave Ste A New York, NY 10003",10003
Follia NYC,4,192,Gramercy,"179 3rd Ave New York, NY 10003",10003
Eleni’s,4.5,60,Gramercy,"226 3rd Ave New York, NY 10003",10003
Bangkok 2 Thai,4,199,Gramercy,"349 1st Ave New York, NY 10010",10010
Han Dynasty,4,1255,Gramercy,"90 3rd Ave New York, NY 10003",10003
Oceans New York,4.5,77,Gramercy,"233 Park Ave S New York, NY 10003",10003
Kati Thai Cuisine,4,249,Gramercy,"347 E 14th St New York, NY 10003",10003
SUGARFISH by sushi nozawa,4,853,Gramercy,"33 E 20th St New York, NY 10003",10003
Pierre Loti Union Square,3.5,242,Gramercy,"53 Irving Pl New York, NY 10003",10003
Bait & Hook,3.5,410,Gramercy,"231 2nd Ave New York, NY 10003",10003
The Belfry,4,517,Gramercy,"222 E 14th St New York, NY 10003",10003
Mama’s Cupboard,5,14,Gramercy,"235 E 53rd St New York, NY 10022",10022
Rahi,4.5,500,Gramercy,"60 Greenwich Ave New York, NY 10011",10011
Crispin’s,3.5,177,Gramercy,"764 10th Ave New York, NY 10019",10019
Beauty Bar,3,533,Gramercy,"231 E 14th St New York, NY 10003",10003
The Headless Horseman,3.5,286,Gramercy,"119 E 15th St New York, NY 10003",10003
Taverna Kyclades - East Village,4,843,Gramercy,"228 1st Ave New York, NY 10009",10009
Dos Toros Taqueria,4,1323,Gramercy,"137 4th Ave New York, NY 10003",10003
Wafels & Dinges,4.5,1527,Gramercy,"in Tex-mex, Mexican",xican
ABC Cocina,4,904,Gramercy,"38 E 19th St New York, NY 10003",10003
Mari Vanna,4,667,Gramercy,"41 E 20th St New York, NY 10003",10003
Giorgio’s of Gramercy,4,750,Gramercy,"27 E 21st St New York, NY 10010",10010
Farmer & The Fish- Gramercy,3.5,315,Gramercy,"245 Park Ave S New York, NY 10003",10003
Irvington,3.5,201,Gramercy,"201 Park Ave S New York, NY 10003",10003
Starbucks,3,38,Gramercy,"145 Third Ave New York, NY 10003",10003
Rahi,4.5,500,Gramercy,"60 Greenwich Ave New York, NY 10011",10011
The Smith,3.5,1979,Gramercy,"55 3rd Ave New York, NY 10003",10003
Taqueria Gramercy,4,92,Gramercy,"218 3rd Ave New York, NY 10003",10003
MoMo Sushi,3.5,180,Gramercy,"239 Park Ave S New York, NY 10003",10003
Tariq’s 1 Halal Food,4.5,41,Gramercy,"Corner Of 19th St And Park Ave S New York, NY 10003",10003
ABCV,4,530,Gramercy,"38 E 19th St New York, NY 10003",10003
Silky Kitchen,4.5,227,Gramercy,"137 E 13th St New York, NY 10003",10003
L’Angeletto,4.5,41,Gramercy,"327 2nd Ave New York, NY 10003",10003
Rose Bar,3.5,339,Gramercy,"2 Lexington Ave New York, NY 10010",10010
Barfly NY,4,136,Gramercy,"244 3rd Ave New York, NY 10010",10010
Triona’s On Third,4,97,Gramercy,"192 3rd Ave New York, NY 10003",10003
Waypoint Cafe,4.5,29,Gramercy,"65 Ludlow St New York, NY 10002",10002
Ess-a-Bagel,4,3674,Gramercy,"831 3rd Ave New York, NY 10022",10022
Uluh,4,330,Gramercy,"152 2nd Ave Ste A New York, NY 10003",10003
The Cellar,4,662,Gramercy,"900 Broadway New York, NY 10003",10003
Union Square,4,422,Gramercy,"201 Park Ave S New York, NY 10003",10003
Barnes & Noble,4,475,Gramercy,"33 E 17th St Union Square New York, NY 10003",10003
Adalya,4,139,Gramercy,"55 Irving Pl New York, NY 10003",10003
CAVA,4.5,291,Gramercy,"143 4th Ave New York, NY 10003",10003
Mughlai Indian Cuisine,4,404,Gramercy,"329 3rd Ave New York, NY 10010",10010
The Globe,3.5,215,Gramercy,"158 E 23rd St New York, NY 10010",10010
Soothr,5,111,Gramercy,"204 E 13th St New York, NY 10003",10003
Ralph’s Famous Italian Ices,4.5,42,Gramercy,"370 2nd Ave New York, NY 10010",10010
Chloe’s Soft Serve Fruit Co,4,517,Gramercy,"25 E 17th St New York, NY 10003",10003
Amazon Go,5,2,Gramercy,"315 Park Ave S New York, NY 10010",10010
Peperino NYC Pizza,4,60,Gramercy,"21 West End Ave West 60th Street & Freedom Place New York, NY 10023",10023
Rolf’s Bar & Restaurant,2.5,990,Gramercy,"281 3rd Ave New York, NY 10010",10010
Paddy Maguire’s Ale House,4,82,Gramercy,"237 3rd Ave Frnt New York, NY 10003",10003
Gorin Ramen,4.5,40,Gramercy,"351 E 14th St New York, NY 10003",10003
Almond,4,1027,Gramercy,"12 E 22nd St New York, NY 10010",10010
SPIN New York 23,4,558,Gramercy,"48 E 23rd St New York, NY 10010",10010
Rosa Mexicano,3.5,1464,Gramercy,"9 E 18th St New York, NY 10003",10003
Sticky’s Finger Joint,4,114,Gramercy,"107 E 14th St New York, NY 10003",10003
Juke Bar,4.5,264,Gramercy,"196 2nd Ave New York, NY 10003",10003
Everyman Espresso,4,376,Gramercy,"136 E 13th St New York, NY 10003",10003
Tal Bagels,3.5,135,Gramercy,"357 1st Ave New York, NY 10010",10010
Benjamin Steakhouse Prime,4.5,323,Gramercy,"23 E 40th St New York, NY 10016",10016
Pick a Bagel,3,334,Gramercy,"210 E 23rd St New York, NY 10010",10010
Paul & Jimmy’s,4,108,Gramercy,"123 E 18th St New York, NY 10003",10003
O’hanlon’s,4,95,Gramercy,"349 E 14th St New York, NY 10003",10003
Patrizia’s Pizza and Pasta,4,626,Gramercy,"462-466 2nd Ave New York, NY 10016",10016
The Pho,3.5,132,Gramercy,"127 E 23rd St New York, NY 10010",10010
Le Cafe Coffee,4,56,Gramercy,"145 4th Ave New York, NY 10003",10003
Tipsy Scoop,4,525,Gramercy,"217 East 26th St New York, NY 10010",10010
Sushi by Boū Union Square,4,58,Gramercy,"118 E 15th St New York, NY 10003",10003
Bravo Pizza,3.5,190,Gramercy,"115 E 14th St New York, NY 10003",10003
Blume/Hütte,4,23,Gramercy,"1652 2nd Ave New York, NY 10028",10028
Starbucks,3,38,Gramercy,"145 Third Ave New York, NY 10003",10003
Bocca Cucina and Bar,4,386,Gramercy,"39 E 19th St New York, NY 10003",10003
Harding’s,4,361,Gramercy,"32 E 21st St New York, NY 10010",10010
TKK Fried Chicken,3.5,101,Gramercy,"115 E 23rd St New York, NY 10010",10010
Rezdôra,4,238,Gramercy,"27 E 20th St New York, NY 10003",10003
Simon & The Whale,4,192,Gramercy,"23 Lexington Ave New York, NY 10010",10010
Kotobuki Manhattan,4,630,Gramercy,"56 3rd Ave New York, NY 10003",10003
Bedford Cheese Shop,3.5,102,Gramercy,"67 Irving Pl New York, NY 10003",10003
Craft+Carry Gramercy,4.5,33,Gramercy,"284 3rd Ave New York, NY 10010",10010
Meet Noodles,4.5,201,Gramercy,"50 3rd Ave New York, NY 10003",10003
Yaya Tea Garden,3.5,82,Gramercy,"284 3rd Ave New York, NY 10010",10010
AOA Bar & Grill,3,357,Gramercy,"35 Ave Of The Americas New York, NY 10013",10013
Uluh,4,330,Gramercy,"152 2nd Ave Ste A New York, NY 10003",10003
The Watering Hole,3.5,149,Gramercy,"106 E 19th St New York, NY 10003",10003
Hane Sushi,3.5,320,Gramercy,"346 1st Ave New York, NY 10009",10009
Kung Fu Tea,4,64,Gramercy,"115 E 23rd St New York, NY 10010",10010
Sushi By Bae,4.5,25,Gramercy,"118A E 15th St New York, NY 10003",10003
SideBAR,2.5,459,Gramercy,"118 E 15th St New York, NY 10003",10003
Old Town Bar & Restaurant,3.5,387,Gramercy,"45 E 18th St New York, NY 10003",10003
NaNa Thai Street,4.5,118,Gramercy,"31 E 21st St New York, NY 10010",10010
Bowery Road,4,222,Gramercy,"132 4th Ave New York, NY 10003",10003
IHOP,2.5,372,Gramercy,"235 E 14th St New York, NY 10003",10003
Café Salmagundi,4.5,19,Gramercy,"51 Irving Pl New York, NY 10003",10003
Rahi,4.5,500,Gramercy,"60 Greenwich Ave New York, NY 10011",10011
I Milky 沐白,4.5,139,Gramercy,"992 6th Ave New York, NY 10018",10018
Hawkers,3,234,Gramercy,"225 E 14th St New York, NY 10003",10003
The Penny Farthing,3.5,478,Gramercy,"103 3rd Ave New York, NY 10003",10003
Nespresso Boutique,3.5,229,Central Park,"935 Madison Ave New York, NY 10065",10065
Amazon Go,4,9,Central Park,"150 E 53rd St New York, NY 10022",10022
Central Park,5,2523,Central Park,"14 E 60th St Central Park Conservancy New York, NY 10022",10022
The Metropolitan Museum of Art,4.5,2927,Central Park,"1000 5th Ave New York, NY 10028",10028
Jacob’s Pickles,4,4318,Central Park,"509 Amsterdam Ave New York, NY 10024",10024
The Halal Guys,4,9552,Central Park,"W 53rd St New York, NY 10019",10019
Bibble & Sip,4.5,4882,Central Park,"253 W 51st St New York, NY 10019",10019
Shake Shack,4,2360,Central Park,"366 Columbus Ave New York, NY 10024",10024
Lokal 83 Mediterranean Kitchen,4.5,345,Central Park,"473 Columbus Ave 83rd street New York, NY 10024",10024
Ippudo Westside,4,3715,Central Park,"321 W 51st St New York, NY 10019",10019
Up Thai,4.5,2382,Central Park,"1411 2nd Ave New York, NY 10021",10021
Flor De Mayo,4,1201,Central Park,"484 Amsterdam Ave New York, NY 10024",10024
Starbucks,4.5,50,Central Park,"1142 Madison Ave New York, NY 10028",10028
Nespresso Boutique,3.5,229,Central Park,"935 Madison Ave New York, NY 10065",10065
Amazon Go,4,9,Central Park,"150 E 53rd St New York, NY 10022",10022
American Museum of Natural History,4,2086,Central Park,"200 Central Park W New York, NY 10024",10024
Augustin’s Waffles Cart,2,10,Central Park,"New York, NY 90010",90010
Bua Thai Ramen & Robata Grill,4.5,849,Central Park,"1611 2nd Ave New York, NY 10028",10028
THEP Thai Restaurant,4.5,1350,Central Park,"1439 2nd Ave New York, NY 10021",10021
Osteria Cotta,4,897,Central Park,"513 Columbus Ave New York, NY 10024",10024
Shake Shack,4,1369,Central Park,"154 E 86th St New York, NY 10120",10120
Jin Ramen,4,932,Central Park,"462 Amsterdam Ave New York, NY 10024",10024
Peacefood Cafe,4,1307,Central Park,"460 Amsterdam Ave New York, NY 10024",10024
Pure Thai Cookhouse,4,2566,Central Park,"766 9th Ave New York, NY 10019",10019
Maison Pickle,4,1048,Central Park,"2315 Broadway New York, NY 10024",10024
Mama’s Cupboard,5,14,Central Park,"235 E 53rd St New York, NY 10022",10022
Blue Seafood Bar,4,153,Central Park,"856 Ninth Ave New York, NY 10019",10019
Maz Mezcal,3.5,381,Central Park,"316 E 86th St New York, NY 10028",10028
Mama’s Cupboard,5,14,Central Park,"235 E 53rd St New York, NY 10022",10022
Levain Bakery,4.5,586,Central Park,"351 Amsterdam Ave New York, NY 10024",10024
Borough of Manhattan,4.5,93,Central Park,"New York, NY 10001",10001
Sushi Yasaka,4,1779,Central Park,"251 W 72nd St New York, NY 10023",10023
Cafe Sabarsky,4,497,Central Park,"1048 5th Ave New York, NY 10028",10028
Bengal Tiger Indian Food,4.5,1938,Central Park,"58 W 56th St Fl 2 New York, NY 10019",10019
Land,4,1060,Central Park,"450 Amsterdam Ave New York, NY 10024",10024
Flame,4,421,Central Park,"100 W 82nd St New York, NY 10024",10024
Good Enough to Eat,3.5,1437,Central Park,"520 Columbus Ave New York, NY 10024",10024
Uva,4,2421,Central Park,"1486 2nd Ave New York, NY 10075",10075
The Met Cantor Rooftop & Garden,4,163,Central Park,"1000 5th Ave Fl 5 Metropolitan Museum Of Art New York, NY 10028",10028
Schaller’s Stube Sausage Bar,4,215,Central Park,"1652 2nd Ave New York, NY 10028",10028
Ess-a-Bagel,3.5,143,Central Park,"108 W 32nd St New York, NY 10001",10001
T-Swirl Crêpe,5,9,Central Park,"19-23 St Marks Pl New York, NY 10003",10003
Tanner Smiths,4.5,1778,Central Park,"204 W 55th St New York, NY 10019",10019
Bustan,4,512,Central Park,"487 Amsterdam Ave New York, NY 10024",10024
The Mermaid Inn,4,1123,Central Park,"570 Amsterdam Ave New York, NY 10024",10024
Beard Papa’s,4.5,819,Central Park,"2167 Broadway New York, NY 10024",10024
Loeb Boathouse Central Park,3.5,1260,Central Park,"E 72 St 5th Ave New York, NY 10128",10128
SalaThai Restaurant,4.5,403,Central Park,"307 Amsterdam Ave New York, NY 10023",10023
Lady M Cake Boutique,4,1072,Central Park,"41 East 78th St New York, NY 10075",10075
Bluestone Lane Upper East Side Café,4,519,Central Park,"1085 5th Ave New York, NY 10128",10128
B Side Pizza & Wine Bar,4.5,1150,Central Park,"370 W 51st St New York, NY 10019",10019
Empanada Mama - Hell’s Kitchen,4,2526,Central Park,"765 9th Ave New York, NY 10019",10019
Starbucks,4.5,50,Central Park,"1142 Madison Ave New York, NY 10028",10028
Maz Mezcal,3.5,381,Central Park,"316 E 86th St New York, NY 10028",10028
Blume/Hütte,4,23,Central Park,"1652 2nd Ave New York, NY 10028",10028
Made In New York Pizza,4,277,Central Park,"421 Amsterdam Ave New York, NY 10024",10024
The Great Lawn,5,4,Central Park,"W 79th St New York, NY 10024",10024
Luke’s Lobster Upper West Side,4,697,Central Park,"426 Amsterdam Ave New York, NY 10024",10024
Bodega 88,4.5,178,Central Park,"573 Columbus Ave New York, NY 10024",10024
Ashoka Indian Restaurant,4.5,262,Central Park,"489 Columbus Ave New York, NY 10024",10024
Beyond Sushi,4.5,690,Central Park,"62 W 56th St New York, NY 10019",10019
Agora Turkish Restaurant,4.5,589,Central Park,"1565 2nd Ave New York, NY 10028",10028
Marea,4,2101,Central Park,"240 Central Park S New York, NY 10019",10019
Barney Greengrass,4,764,Central Park,"541 Amsterdam Ave New York, NY 10024",10024
Blossom on Columbus,4,388,Central Park,"507 Columbus Ave New York, NY 10024",10024
Spicy Moon West Village,5,78,Central Park,"68 W 3rd St New York, NY 10012",10012
Starbucks,4.5,50,Central Park,"1142 Madison Ave New York, NY 10028",10028
Daniel’s Coffee And More,5,13,Central Park,"1050 3rd Ave Ste 2 New York, NY 10065",10065
e’s BAR,4,351,Central Park,"511 Amsterdam Ave New York, NY 10024",10024
Fred’s Restaurant,4,774,Central Park,"476 Amsterdam Ave New York, NY 10024",10024
Via Quadronno,4,537,Central Park,"25 E 73rd St New York, NY 10021",10021
Toloache 50,4,1991,Central Park,"251 West 50th St New York, NY 10012",10012
Belvedere Castle,4.5,302,Central Park,"79th St New York, NY 10024",10024
Milk Bar Upper West Side,3.5,539,Central Park,"561 Columbus Ave New York, NY 10024",10024
Carmine’s Italian Restaurant - Upper West Side,4,1402,Central Park,"2450 Broadway New York, NY 10024",10024
Café D’Alsace,4,1227,Central Park,"1695 2nd Ave New York, NY 10128",10128
Mei Jin Ramen,4,724,Central Park,"1574 2nd Ave New York, NY 10028",10028
Mom’s Kitchen & Bar,4.5,768,Central Park,"701 9th Ave New York, NY 10019",10019
Waypoint Cafe,4.5,29,Central Park,"65 Ludlow St New York, NY 10002",10002
Surreal Creamery,4.5,164,Central Park,"538 2nd Ave New York, NY 10016",10016
At the Wallace,4.5,196,Central Park,"3612 Broadway New York, NY 10031",10031
Senn Thai Comfort Food,4,290,Central Park,"452 Amsterdam Ave New York, NY 10024",10024
The Drunken Munkey - UES,4.5,1053,Central Park,"338 E 92nd St New York, NY 10128",10128
Emack and Bolio’s,4,300,Central Park,"389 Amsterdam Ave New York, NY 10026",10026
Don Antonio,4,1436,Central Park,"309 W 50th St New York, NY 10019",10019
The Dead Poet,4,435,Central Park,"450 Amsterdam Ave New York, NY 10024",10024
Bocado Cafe,3.5,471,Central Park,"1293 Lexington Ave New York, NY 10128",10128
Elma’s,4.5,33,Central Park,"1590 Park Ave New York, NY 10029",10029
Ess-a-Bagel,4,3674,Central Park,"831 3rd Ave New York, NY 10022",10022
Ess-a-Bagel,4,3674,Central Park,"831 3rd Ave New York, NY 10022",10022
Hui Restaurant & Bar,4.5,176,Central Park,"314 E 70th St New York, NY 10021",10021
Hummus Kitchen,4,941,Central Park,"1613 2nd Ave New York, NY 10028",10028
Celeste Restaurant,3.5,904,Central Park,"502 Amsterdam Ave New York, NY 10024",10024
"Cooper Hewitt, Smithsonian Design Museum",4,229,Central Park,"2 E 91st St New York, NY 10128",10128
Totto Ramen Hell’s Kitchen,4,1081,Central Park,"464 W 51st St New York, NY 10019",10019
Cafe Boulud,4,728,Central Park,"20 E 76th St New York, NY 10021",10021
Heidi’s House By The Side Of The Road,4.5,627,Central Park,"308 E 78th St New York, NY 10075",10075
Coney Shack,4.5,292,Central Park,"152 West 52nd St New York, NY 10019",10019
Ladurée Madison,4.5,1902,Central Park,"864 Madison Ave New York, NY 10021",10021
Prohibition,3.5,386,Central Park,"503 Columbus Ave New York, NY 10024",10024
Mamasita Bar & Grill,4,1176,Central Park,"818 10th Ave New York, NY 10019",10019
Hui Restaurant & Bar,4.5,176,Central Park,"314 E 70th St New York, NY 10021",10021
Manousheh Grand,4.5,11,Central Park,"403 Grand St New York, NY 10002",10002
Pig Heaven,4,414,Central Park,"1420 3rd Ave New York, NY 10028",10028
The Penrose,4,1203,Central Park,"1590 2nd Ave New York, NY 10028",10028
Wondee Siam,4,1028,Central Park,"792 9th Ave New York, NY 10019",10019
Vida Verde,4.5,1185,Central Park,"248 W 55th St New York, NY 10019",10019
Luke’s Lobster Upper East Side,4,1174,Central Park,"242 E 81st St New York, NY 10028",10028
Joe Coffee Company,4,372,Central Park,"514 Columbus Ave New York, NY 10024",10024
Briciola,4,846,Central Park,"370 W 51st St New York, NY 10019",10019
Samba Kitchen,4.5,452,Central Park,"457 W 50th St New York, NY 10019",10019
Guggenheim Museum,3.5,1004,Central Park,"1071 5th Ave New York, NY 10128",10128
Mama’s Cupboard,5,14,Central Park,"235 E 53rd St New York, NY 10022",10022
Uluh,4,330,Central Park,"152 2nd Ave Ste A New York, NY 10003",10003
The Great Burrito,4,281,Central Park,"522 Columbus Ave New York, NY 10024",10024
Kirsh Bakery & Kitchen,4,274,Central Park,"551 Amsterdam Ave New York, NY 10024",10024
Aqua Boil,4.5,327,Central Park,"750 9th Ave New York, NY 10019",10019
Red Peony Chinese Cuisine,4.5,344,Central Park,"24 W 56th St New York, NY 10019",10019
Dulce Vida Latin Bistro,3.5,257,Central Park,"1219 Lexington Ave New York, NY 10028",10028
PizzArte,4,1115,Central Park,"69 W 55th St New York, NY 10019",10019
Levain Bakery - Temp. CLOSED,4.5,8311,Central Park,"167 W 74th St New York, NY 10023",10023
The Three Monkeys,4,1183,Central Park,"236 W 54th St New York, NY 10019",10019
Ess-a-Bagel,3.5,143,Central Park,"108 W 32nd St New York, NY 10001",10001
Ess-a-Bagel,4,3674,Central Park,"831 3rd Ave New York, NY 10022",10022
Hui Restaurant & Bar,4.5,176,Central Park,"314 E 70th St New York, NY 10021",10021
Gray’s Papaya,3.5,1366,Central Park,"2090 Broadway New York, NY 10023",10023
Huascar & Co Bakeshop,4.5,230,Central Park,"453 W 54th St New York, NY 10019",10019
Bethesda Terrace,4.5,78,Central Park,"72 Terrace Dr New York, NY 10021",10021
Oaxaca Taqueria,3.5,391,Central Park,"424 Amsterdam Ave New York, NY 10024",10024
Vietnaam,4,814,Central Park,"1700 2nd Ave New York, NY 10128",10128
Table d’Hôte,4,155,Central Park,"44 E 92nd St New York, NY 10128",10128
Qi,3.5,1221,Central Park,"698 9th Ave New York, NY 10036",10036
Gallaghers Steakhouse,4,1218,Central Park,"228 W 52nd St New York, NY 10019",10019
Earl’s Beer & Cheese,4.5,601,Central Park,"1259 Park Ave New York, NY 10029",10029
Schaller’s Stube Sausage Bar,4,215,Central Park,"1652 2nd Ave New York, NY 10028",10028
At the Wallace,4.5,196,Central Park,"3612 Broadway New York, NY 10031",10031
Surreal Creamery,4.5,164,Central Park,"538 2nd Ave New York, NY 10016",10016
By The Way Bakery,4.5,153,Central Park,"1236 Lexington Ave New York, NY 10028",10028
International Wings Factory,4.5,452,Central Park,"1762 1st Ave New York, NY 10128",10128
Pascalou,4,232,Central Park,"1308 Madison Ave New York, NY 10128",10128
Sant Ambroeus,4,394,Central Park,"1000 Madison Ave New York, NY 10021",10021
Sarabeth’s West,3.5,926,Central Park,"423 Amsterdam Ave New York, NY 10024",10024
Angaar,4.5,120,Central Park,"283 Columbus Ave New York, NY 10023",10023
Amorino Gelato,4.5,196,Central Park,"414 Amsterdam Ave New York, NY 10024",10024
Zurutto Ramen & Gyoza Bar,4,398,Central Park,"142 W 72nd St New York, NY 10023",10023
Heidelberg Restaurant,4,692,Central Park,"1648 2nd Ave New York, NY 10028",10028
Scott’s Pizza Tours,5,320,Central Park,"in Tours, Travel Services",vices
Crispin’s,3.5,177,Central Park,"764 10th Ave New York, NY 10019",10019
Waypoint Cafe,4.5,29,Central Park,"65 Ludlow St New York, NY 10002",10002
Gu Japanese Fusion Sushi & Bar,4,176,Central Park,"155 E 52nd St New York, NY 10022",10022
Motorino,3.5,231,Central Park,"510 Columbus Ave New York, NY 10024",10024
The Blue Dog Cookhouse & Bar,4,1243,Central Park,"308 W 50th St New York, NY 10019",10019
Ella Social,4,516,Central Park,"249 Columbus Ave New York, NY 10023",10023
William Greenberg Desserts,4,256,Central Park,"1100 Madison Ave New York, NY 10028",10028
Pil Pil,4,644,Central Park,"265 E 78th St New York, NY 10075",10075
Hummus Kitchen,4,800,Central Park,"768 9th Ave New York, NY 10019",10019
Kashkaval Garden,4,577,Central Park,"852 9th Ave New York, NY 10019",10019
Bellini Italian Restaurant,3.5,252,Central Park,"483 Columbus Ave New York, NY 10024",10024
Peng’s Noodle Folk,4.5,458,Central Park,"1659 1st Ave New York, NY 10028",10028
Mama’s Cupboard,5,14,Central Park,"235 E 53rd St New York, NY 10022",10022
Travertino Cucina Romana,4.5,21,Central Park,"118 E 116th St New York, NY 10029",10029
Sprinkles New York - Upper East Side,4,984,Central Park,"780 Lexington Ave New York, NY 10065",10065
Alachi Masala,4,221,Central Park,"488 Amsterdam Ave New York, NY 10024",10024
The Jin,4.5,294,Central Park,"856 10th Ave New York, NY 10019",10019
Casellula,4,905,Central Park,"401 W 52nd St New York, NY 10019",10019
Hi-Life,3.5,339,Central Park,"477 Amsterdam Ave New York, NY 10024",10024
Jean-Georges,4.5,1886,Central Park,"1 Central Park W New York, NY 10023",10023
Malii,4.5,284,Central Park,"2028 2nd Ave New York, NY 10029",10029
Sojourn,4,655,Central Park,"244 E 79th St New York, NY 10075",10075
Remi Flower & Coffee,4.5,316,Central Park,"906 2nd Ave New York, NY 10017",10017
Nespresso Boutique,3.5,227,Battery Park,"92 Prince St New York, NY 10012",10012
Amazon Go,4,29,Battery Park,"200 Vesey St Winter Garden, Level 2 New York, NY 10281",10281
National September 11 Memorial Museum,4.5,1425,Battery Park,"180 Greenwich St New York, NY 10007",10007
Shake Shack,4,938,Battery Park,"215 Murray St New York, NY 10282",10282
One World Trade Center,4.5,493,Battery Park,"285 Fulton St New York, NY 10007",10007
L’Appart,5,105,Battery Park,"225 Liberty St New York, NY 10281",10281
9/11 Tribute Museum,4.5,266,Battery Park,"92 Greenwich St New York, NY 10006",10006
Tartinery Hudson Eats,4,369,Battery Park,"225 Liberty St New York, NY 10281",10281
Luke’s Lobster FiDi,4.5,1167,Battery Park,"26 S William St New York, NY 10004",10004
Pisillo Italian Panini,4.5,604,Battery Park,"97 Nassau St New York, NY 10038",10038
Blue Smoke,3.5,650,Battery Park,"255 Vesey St New York, NY 10282",10282
Starbucks,3,42,Battery Park,"200 Liberty St L105 Brookfield Place 1 New York, NY 10006",10006
Nespresso Boutique,3.5,227,Battery Park,"92 Prince St New York, NY 10012",10012
Blue Bottle Coffee,4.5,108,Battery Park,"150 Greenwich St New York, NY 10007",10007
The Dead Rabbit,4,1573,Battery Park,"30 Water St New York, NY 10004",10004
El Vez,3.5,666,Battery Park,"259 Vesey St New York, NY 10282",10282
Manhatta,4.5,475,Battery Park,"28 Liberty St Fl 60 New York, NY 10005",10005
Eataly NYC Downtown,3.5,992,Battery Park,"101 Liberty St Fl 3 New York, NY 10006",10006
Oculus,4,1488,Battery Park,"World Trade Center Transportation Hub New York, NY 10006",10006
Takahachi Bakery,4,933,Battery Park,"25 Murray St New York, NY 10007",10007
Sauce & Barrel,4,431,Battery Park,"97 Washington St New York, NY 10006",10006
Clinton Hall,3.5,675,Battery Park,"90 Washington St New York, NY 10006",10006
Adrienne’s Pizzabar,4,1669,Battery Park,"54 Stone St New York, NY 10004",10004
Kesté Pizza & Vino,4,1412,Battery Park,"66 Gold S New York, NY 10038",10038
I Milky 沐白,4.5,139,Battery Park,"992 6th Ave New York, NY 10018",10018
T-Swirl Crêpe,5,9,Battery Park,"19-23 St Marks Pl New York, NY 10003",10003
Spicy Moon West Village,5,78,Battery Park,"68 W 3rd St New York, NY 10012",10012
Marc Forgione,4.5,931,Battery Park,"134 Reade St New York, NY 10013",10013
Inatteso Pizzabar,4,319,Battery Park,"28 West St New York, NY 10004",10004
The Capital Grille,4,604,Battery Park,"120 Broadway New York, NY 10271",10271
Nish Nush,4.5,725,Battery Park,"88 Reade St New York, NY 10013",10013
Loopy Doopy Rooftop Bar,3.5,646,Battery Park,"102 N End Ave Conrad New York Hotel New York, NY 10282",10282
Le District,3.5,558,Battery Park,"225 Liberty St New York, NY 10281",10281
Gansevoort Liberty Market,4,266,Battery Park,"101 Liberty St New York, NY 10007",10007
Da Claudio,4.5,494,Battery Park,"21 Ann St New York, NY 10038",10038
Jungsik,4.5,602,Battery Park,"2 Harrison St New York, NY 10013",10013
Nish Nush,4.5,310,Battery Park,"41 John St New York, NY 10038",10038
Blue Bottle Coffee,4.5,108,Battery Park,"150 Greenwich St New York, NY 10007",10007
Delmonico’s,4,1057,Battery Park,"56 Beaver St New York, NY 10004",10004
Sprinkles New York - Brookfield Place,4,184,Battery Park,"225 Liberty St Ste 241 New York, NY 10281",10281
Suspenders Restaurant & Bar,4,259,Battery Park,"108 Greenwich St New York, NY 10006",10006
The Battery,4.5,339,Battery Park,"State St & Battery Pl New York, NY 10004",10004
Morton’s The Steakhouse,4,256,Battery Park,"136 Washington St New York, NY 10006",10006
Kuu Ramen,4,667,Battery Park,"20 John St New York, NY 10038",10038
El Vez Burrito Bar,4,136,Battery Park,"259 Vesey St New York, NY 10282",10282
Antica Ristorante,4.5,503,Battery Park,"8 Stone St New York, NY 10004",10004
Hole In The Wall - FiDi,4.5,592,Battery Park,"15 Cliff St New York, NY 10038",10038
Bao Bao Cafe,4,199,Battery Park,"106 Greenwich St New York, NY 10006",10006
Uluh,4,330,Battery Park,"152 2nd Ave Ste A New York, NY 10003",10003
Mama’s Cupboard,5,14,Battery Park,"235 E 53rd St New York, NY 10022",10022
The Malt House,4,527,Battery Park,"9 Maiden Ln New York, NY 10038",10038
Kaffe 1668 South,4,692,Battery Park,"275 Greenwich St New York, NY 10007",10007
Mighty Quinn’s Barbeque,3.5,269,Battery Park,"225 Liberty St New York, NY 10281",10281
Irish Hunger Memorial,4.5,63,Battery Park,"75 Battery Place New York, NY 10282",10282
Bill’s Bar & Burger Downtown,3.5,565,Battery Park,"85 West St New York, NY 10006",10006
Miramar,4,194,Battery Park,"21 S End Ave New York, NY 10280",10280
Harry’s,4,693,Battery Park,"1 Hanover Sq New York, NY 10004",10004
Locanda Verde,4,1646,Battery Park,"377 Greenwich St New York, NY 10013",10013
Schilling,4,153,Battery Park,"109 Washington St New York, NY 10006",10006
Benares,4,531,Battery Park,"45 Murray St New York, NY 10007",10007
Waypoint Cafe,4.5,29,Battery Park,"65 Ludlow St New York, NY 10002",10002
Surreal Creamery,4.5,164,Battery Park,"538 2nd Ave New York, NY 10016",10016
Go Go Curry World Trade Center,4,374,Battery Park,"12 John Street World Trade Center Stadium New York, NY 10038",10038
Gran Morsi,4.5,384,Battery Park,"22 Warren St New York, NY 10007",10007
Aahar Indian Cuisine,4.5,325,Battery Park,"10 Murray St New York, NY 10007",10007
Los Tacos No. 1,4.5,191,Battery Park,"136 Church St New York, NY 10007",10007
Khe-Yo,4,780,Battery Park,"157 Duane St New York, NY 10013",10013
Treadwell Park,4,154,Battery Park,"301 S End Ave New York, NY 10280",10280
Dig,3.5,178,Battery Park,"225 Liberty St New York, NY 10281",10281
Blue Bottle Coffee,4.5,108,Battery Park,"150 Greenwich St New York, NY 10007",10007
Crown Shy,4.5,307,Battery Park,"70 Pine St New York, NY 10005",10005
Mama’s Cupboard,5,14,Battery Park,"235 E 53rd St New York, NY 10022",10022
Ess-a-Bagel,4,3674,Battery Park,"831 3rd Ave New York, NY 10022",10022
Felice,4,377,Battery Park,"15 Gold St New York, NY 10038",10038
Zutto Japanese American Pub,4,901,Battery Park,"77 Hudson St New York, NY 10013",10013
Fraunces Tavern,3.5,889,Battery Park,"54 Pearl St New York, NY 10004",10004
Mulberry & Vine,4,316,Battery Park,"73 Warren St New York, NY 10007",10007
Nelson A. Rockefeller Park,4.5,34,Battery Park,"River Ter & Warren St New York, NY 10282",10282
Tamarind,4,953,Battery Park,"99 Hudson St New York, NY 10013",10013
Dark Horse,4,395,Battery Park,"17 Murray St New York, NY 10007",10007
Stage Door Pizza,4,246,Battery Park,"26 Vesey St New York, NY 10007",10007
Nobu Downtown,3.5,418,Battery Park,"195 Broadway New York, NY 10007",10007
Poke Bowl,4,310,Battery Park,"104 Fulton St New York, NY 10038",10038
Rahi,4.5,500,Battery Park,"60 Greenwich Ave New York, NY 10011",10011
Ess-a-Bagel,4,3674,Battery Park,"831 3rd Ave New York, NY 10022",10022
Dragon Tea,4.5,50,Battery Park,"106 Greenwich St New York, NY 10006",10006
Brooklyn Chop House,4,549,Battery Park,"150 Nassau St New York, NY 10038",10038
Num Pang Kitchen,3.5,187,Battery Park,"225 Liberty St New York, NY 10281",10281
Scalini Fedeli,4.5,314,Battery Park,"165 Duane St New York, NY 10013",10013
Hank’s Juicy Beef,4.5,251,Battery Park,"84 Chambers St New York, NY 10007",10007
Mad Dog & Beans Mexican Cantina,3.5,966,Battery Park,"83 Pearl St New York, NY 10004",10004
Tribeca’s Kitchen,4,519,Battery Park,"200 Church St New York, NY 10013",10013
Harry’s Italian,3.5,257,Battery Park,"225 Murray St New York, NY 10282",10282
View of the World Terrace Club,3.5,167,Battery Park,"140 Washington St New York, NY 10006",10006
GunBae Tribeca,4,292,Battery Park,"67 Murray St New York, NY 10007",10007
Blue Bottle Coffee,4.5,108,Battery Park,"150 Greenwich St New York, NY 10007",10007
Ess-a-Bagel,4,3674,Battery Park,"831 3rd Ave New York, NY 10022",10022
Yours Truly,4,91,Battery Park,"8 Spring St New York, NY 10012",10012
Melt Shop,4,373,Battery Park,"111 Fulton St New York, NY 10038",10038
Sandwich House,4,266,Battery Park,"17 Ann St New York, NY 10038",10038
Vintry Wine and Whiskey,4,257,Battery Park,"57 Stone St New York, NY 10004",10004
Laughing Man Coffee & Tea,4.5,240,Battery Park,"184 Duane St New York, NY 10013",10013
Ruchi,3.5,367,Battery Park,"120 Cedar St New York, NY 10006",10006
Sophie’s Cuban Cuisine,3.5,418,Battery Park,"73 New St New York, NY 10004",10004
Bubby’s Tribeca,3.5,1440,Battery Park,"120 Hudson St New York, NY 10013",10013
The Odeon,4,647,Battery Park,"145 W Broadway New York, NY 10013",10013
Bean & Bean,4,177,Battery Park,"71 Broadway New York, NY 10006",10006
Woodrow’s,4,333,Battery Park,"43 Murray St New York, NY 10007",10007
Tres Leches Cafe,5,142,Battery Park,"356 E 112th St New York, NY 10029",10029
Top Thai Greenwich,4.5,1532,Battery Park,"235 Sullivan St New York, NY 10012",10012
Leo’s Bagels,3.5,895,Battery Park,"3 Hanover Sq New York, NY 10005",10005
Tajin,3.5,237,Battery Park,"85 Greenwich St New York, NY 10006",10006
Teardrop Park,5,27,Battery Park,"Warren St New York, NY 10005",10005
Reserve Cut,4,280,Battery Park,"40 Broad St Fl 2 New York, NY 10004",10004
Tiny’s & The Bar Upstairs,4,585,Battery Park,"135 W Broadway New York, NY 10013",10013
Parm,3,375,Battery Park,"Brookfield Pl 250 Vesey St New York, NY 10080",10080
Little Park,4,368,Battery Park,"85 W Broadway New York, NY 10007",10007
Lady M Cake Boutique,3.5,174,Battery Park,"101 Liberty St Ste 1415 New York, NY 10281",10281
Atera,4.5,263,Battery Park,"77 Worth St New York, NY 10013",10013
Maestro Pasta,4.5,87,Battery Park,"45 John St New York, NY 10038",10038
Surreal Creamery,4.5,164,Battery Park,"538 2nd Ave New York, NY 10016",10016
Ess-a-Bagel,4,3674,Battery Park,"831 3rd Ave New York, NY 10022",10022
Tres Leches Cafe,5,142,Battery Park,"356 E 112th St New York, NY 10029",10029
American Cut Steakhouse Tribeca,4,590,Battery Park,"363 Greenwich St New York, NY 10013",10013
Kimchi Taco,3,226,Battery Park,in Mexican,xican
Sticky’s Finger Joint,4,182,Battery Park,"21 Maiden Ln New York, NY 10038",10038
La Colombe Coffee,4.5,162,Battery Park,"67 Wall St New York, NY 10005",10005
Toro Loco,4,263,Battery Park,"15 Stone St New York, NY 10004",10004
Underground Pizza,4,295,Battery Park,"3 Hanover Sq New York, NY 10004",10004
National Museum of the American Indian,4,175,Battery Park,"1 Bowling Grn New York, NY 10004",10004
Gregorys Coffee,4,153,Battery Park,"42 Broadway New York, NY 10004",10004
Blue Ribbon Sushi Bar - Hudson Eats,3.5,146,Battery Park,"225 Liberty St Hudson Eats New York, NY 10281",10281
Blue Spoon Coffee,4,192,Battery Park,"90 William St New York, NY 10038",10038
Starbucks,3,42,Battery Park,"200 Liberty St L105 Brookfield Place 1 New York, NY 10006",10006
I Milky 沐白,4.5,139,Battery Park,"992 6th Ave New York, NY 10018",10018
George’s,3,408,Battery Park,"89 Greenwich St New York, NY 10006",10006
The Irish American,4,297,Battery Park,"17 John St New York, NY 10038",10038
Joe’s Pizza,4,218,Battery Park,"124 Fulton St New York, NY 10038",10038
Seamore’s,3.5,123,Battery Park,"250 Vesey St New York, NY 10281",10281
Biryani House Cart,4,160,Battery Park,"140 Broadway New York, NY 10005",10005
Inatteso Cafe,3.5,94,Battery Park,"38 West St New York, NY 10004",10004
Harry’s Italian,3.5,584,Battery Park,"2 Gold St New York, NY 10038",10038
Bobby Van’s Steakhouse,3.5,393,Battery Park,"25 Broad St New York, NY 10004",10004
Del Frisco’s Grille,3.5,163,Battery Park,"250 Vesey St New York, NY 10080",10080
Old Xi’an,4,214,Battery Park,"164 Pearl St New York, NY 10005",10005
Surreal Creamery,4.5,164,Battery Park,"538 2nd Ave New York, NY 10016",10016
Schaller’s Stube Sausage Bar,4,215,Battery Park,"1652 2nd Ave New York, NY 10028",10028
Uluh,4,330,Battery Park,"152 2nd Ave Ste A New York, NY 10003",10003
Charging Bull,4.5,493,Battery Park,"Broadway & Morris St New York, NY 10004",10004
The Black Hound,4,79,Battery Park,"301 S End Ave New York, NY 10280",10280
Broadstone Bar & Kitchen,4,263,Battery Park,"88 Broad St New York, NY 10004",10004
Museum of Jewish Heritage - A Living Memorial to the Holocaust,4,95,Battery Park,"36 Battery Pl New York, NY 10280",10280
Stone Street Tavern,3.5,438,Battery Park,"52 Stone St New York, NY 10004",10004
GRK Fresh Greek - Financial District,3.5,479,Battery Park,"111 Fulton St New York, NY 10038",10038
Monk Mcginn’s,4.5,89,Battery Park,"57 Murray St New York, NY 10007",10007
Gigino At Wagner Park,3.5,285,Battery Park,"20 Battery Pl New York, NY 10004",10004
Aroy Dee Thai Kitchen,3.5,405,Battery Park,"20 John St New York, NY 10038",10038
Underdog,3.5,330,Battery Park,"55 Stone St New York, NY 10004",10004
Hui Restaurant & Bar,4.5,176,Battery Park,"314 E 70th St New York, NY 10021",10021
Blue Seafood Bar,4,153,Battery Park,"856 Ninth Ave New York, NY 10019",10019
Wei West,3,216,Battery Park,"235 Murray St New York, NY 10282",10282
Temple Court,4,263,Battery Park,"5 Beekman St New York, NY 10038",10038
Starbucks,2.5,78,Bensonhurst,"6423 18th Ave Brooklyn, NY 11204",11204
Brooklyn Tea,5,94,Bensonhurst,"524 Nostrand Ave Brooklyn, NY 11216",11216
Panino Rustico,4.5,476,Bensonhurst,"8222 17th Ave Brooklyn, NY 11214",11214
Lioni Italian Heroes,4.5,386,Bensonhurst,"7803 15th Ave Brooklyn, NY 11228",11228
Villabate Alba,4,505,Bensonhurst,"7001 18th Ave Brooklyn, NY 11204",11204
L & B Spumoni Gardens,4,3920,Bensonhurst,"2725 86th St Brooklyn, NY 11223",11223
Hand Pull Noodle and Dumpling House,4,309,Bensonhurst,"7201 18th Ave Brooklyn, NY 11204",11204
Mama’s Noodle House,4.5,99,Bensonhurst,"1782 Bay Ridge Ave Brooklyn, NY 11204",11204
Meze,4,320,Bensonhurst,"6601 13th Ave Brooklyn, NY 11219",11219
Prince Tea House,4,250,Bensonhurst,"8510 21st Ave Brooklyn, NY 11214",11214
J & V Pizzeria,4,241,Bensonhurst,"6322 18th Ave Brooklyn, NY 11204",11204
Em Vietnamese Kitchen,4,263,Bensonhurst,"1702 86th St Brooklyn, NY 11214",11214
T-Swirl Crêpe,4,170,Bensonhurst,"36-16 30th Ave Astoria, NY 11103",11103
Sake Sushi,3.5,744,Bensonhurst,"2347 86th St Brooklyn, NY 11214",11214
Pastosa Ravioli,4.5,93,Bensonhurst,"7425 New Utrecht Ave Brooklyn, NY 11204",11204
Ortobello Restaurant,4,260,Bensonhurst,"6401 Bay Pkwy Brooklyn, NY 11204",11204
Tasty Pastry Shoppe,4.5,170,Bensonhurst,"8218 13th Ave Brooklyn, NY 11228",11228
Duck Wong,4,196,Bensonhurst,"2341 86th St Brooklyn, NY 11214",11214
Krispy Pizza - Brooklyn,4,256,Bensonhurst,"7112 13th Ave Brooklyn, NY 11228",11228
Taquitos Mexico,4,212,Bensonhurst,"6720 14th Ave Brooklyn, NY 11219",11219
Mr Bun,4,219,Bensonhurst,"2048 86th St Brooklyn, NY 11214",11214
Chikurin,3.5,329,Bensonhurst,"2362 86th St Brooklyn, NY 11214",11214
Liu’s Shanghai,4.5,389,Bensonhurst,"1869 Bath Ave Brooklyn, NY 11214",11214
Atlas Steakhouse and Sushi,4,205,Bensonhurst,"943 Coney Island Ave Brooklyn, NY 11230",11230
Luna’s Kitchen & Bar,5,58,Bensonhurst,"77-02 Roosevelt Ave Ste AA Jackson Heights, NY 11372",11372
The Bagel Store,4,27,Bensonhurst,"69 5th Ave Brooklyn, NY 11217",11217
Dylan’s Forest Hills,4.5,34,Bensonhurst,"103-19 Metropolitan Ave Forest Hills, NY 11375",11375
Atlas Steakhouse and Sushi,4,205,Bensonhurst,"943 Coney Island Ave Brooklyn, NY 11230",11230
Vetro Restaurant & Lounge,4.5,310,Bensonhurst,"164-49 Crossbay Blvd Howard Beach, NY 11414",11414
Il Colosseo,4,199,Bensonhurst,"7704 18th Ave Brooklyn, NY 11214",11214
La Palina Restaurant,4,183,Bensonhurst,"159 Avenue O Brooklyn, NY 11204",11204
Rimini Pastry Shop,4,205,Bensonhurst,"6822 Bay Pkwy Brooklyn, NY 11204",11204
Georgian Deli and Bakery,5,53,Bensonhurst,"2270 86th St Brooklyn, NY 11214",11214
Yaya Tea Garden,4,203,Bensonhurst,"2320 86th St Gravesend, NY 11214",11214
Café Gossip,4,140,Bensonhurst,"1687 86th St Brooklyn, NY 11214",11214
Arnor Crepes & Bubble Tea,4,131,Bensonhurst,"1425 W 10th St Brooklyn, NY 11204",11204
Tony’s Pizzeria,4.5,103,Bensonhurst,"7623 13th Ave New York, NY 11228",11228
Tacos Lupita,4.5,60,Bensonhurst,"1802 65th St Brooklyn, NY 11204",11204
Carvel,4.5,50,Bensonhurst,"7111 18th Ave Brooklyn, NY 11204",11204
Beat Mazesoba,4.5,150,Bensonhurst,"161-23 Crocheron Ave Flushing, NY 11358",11358
Borsalia,5,17,Bensonhurst,"79 Grand St Brooklyn, NY 11249",11249
Tasty Bagels,4,98,Bensonhurst,"1705 86th St Brooklyn, NY 11214",11214
Pho Tay Ho,3.5,421,Bensonhurst,"2351 86th St Brooklyn, NY 11214",11214
HK Tea and Sushi,3,478,Bensonhurst,"2033 86th St Brooklyn, NY 11214",11214
Baby Olive,4,127,Bensonhurst,"1402 86th St Brooklyn, NY 11228",11228
Halal Xpress,4.5,59,Bensonhurst,"7524 18th Ave Brooklyn, NY 11214",11214
Samurai Fusion Sushi,4,152,Bensonhurst,"1709 86th St Brooklyn, NY 11214",11214
Tenzan,3.5,301,Bensonhurst,"7117 18th Ave Brooklyn, NY 11204",11204
Fantasy Riceroll,4.5,86,Bensonhurst,"9 Bay 22nd St Brooklyn, NY 11214",11214
Papa Pasquale Ravioli Co.,4.5,53,Bensonhurst,"7817 15th Ave Brooklyn, NY 11228",11228
Il Fornaretto Bakery,5,44,Bensonhurst,"7616 17th Ave Brooklyn, NY 11214",11214
L’Wren,5,42,Bensonhurst,"4004 5th Ave Brooklyn, NY 11232",11232
Salvatoria Kitchen & Bar,4.5,203,Bensonhurst,"31-18 Broadway Astoria, NY 11106",11106
65 Kuho Sushi Shabu Shabu,3.5,203,Bensonhurst,"1701 65th St Brooklyn, NY 11204",11204
Mikes Diner Of Brooklyn,4,99,Bensonhurst,"1454 86th St Brooklyn, NY 11228",11228
Las Chelitas,4.5,56,Bensonhurst,"7312 13th Ave Brooklyn, NY 11228",11228
Elza Fancy Food,4.5,47,Bensonhurst,"8611 19th Ave Brooklyn, NY 11214",11214
PokéBowl Station,4,122,Bensonhurst,"2037 86th St Brooklyn, NY 11214",11214
Istanbul Turkish Cafe,3.5,396,Bensonhurst,"2202 86th St Brooklyn, NY 11214",11214
Longevousjoy,3.5,307,Bensonhurst,"6610 Bay Pkwy Brooklyn, NY 11204",11204
DaVinci Pizzeria,4,127,Bensonhurst,"6514 18th Ave Brooklyn, NY 11204",11204
Coffee RX,4.5,62,Bensonhurst,"1504 86th St Brooklyn, NY 11228",11228
Aunt Butchie’s Desserts,4.5,62,Bensonhurst,"6901 13th Ave Brooklyn, NY 11228",11228
Atlas Steakhouse and Sushi,4,205,Bensonhurst,"943 Coney Island Ave Brooklyn, NY 11230",11230
Ako,4,412,Bensonhurst,"205 Bedford Ave Brooklyn, NY 11211",11211
Zamaan,5,24,Bensonhurst,"8915 5th Ave Brooklyn, NY 11209",11209
Umai Ramen,3.5,173,Bensonhurst,"6320 18th Ave Brooklyn, NY 11204",11204
Cannoli Plus,4.5,47,Bensonhurst,"6903 New Utrecht Ave Brooklyn, NY 11228",11228
Jin Jin Hong Kong Cafe,3.5,244,Bensonhurst,"6224 18th Ave Brooklyn, NY 11204",11204
B & A Pork Store,4,93,Bensonhurst,"7818 13th Ave Brooklyn, NY 11228",11228
Steam Box Rice Roll,4.5,43,Bensonhurst,"6517 18th Ave Brooklyn, NY 11204",11204
La Villa Pizzeria,4,126,Bensonhurst,"1529 86th St Brooklyn, NY 11228",11228
Tous Les Jours,4,120,Bensonhurst,"2017 86th St Brooklyn, NY 11214",11214
Twisted Wings,4,84,Bensonhurst,"8604 Bay Pkwy Brooklyn, NY 11214",11214
Cafe Lily,4.5,53,Bensonhurst,"42 Avenue O Brooklyn, NY 11204",11204
Wasabi Sushi,4,146,Bensonhurst,"2375 86th St Brooklyn, NY 11214",11214
Glow Thai,3.5,263,Bensonhurst,"7107 3rd Ave Brooklyn, NY 11209",11209
Lily Bloom Bakery,3.5,128,Bensonhurst,"2220 86th St Brooklyn, NY 11214",11214
Gus’ American Grill,4,78,Bensonhurst,"7206 New Utrecht Ave Brooklyn, NY 11228",11228
Europa Pizzeria,3.5,156,Bensonhurst,"6423 20th Ave Brooklyn, NY 11204",11204
JMcakeBoutique,4.5,29,Bensonhurst,"7211 18th Ave Brooklyn, NY 11204",11204
Ninja 86 Sushi,4,93,Bensonhurst,"2274 86th St Brooklyn, NY 11214",11214
Pad Thai Kitchen,4.5,42,Bensonhurst,"6218 18th Ave Brooklyn, NY 11204",11204
Kowloon Cafe,3,255,Bensonhurst,"2365 86th St Brooklyn, NY 11214",11214
Blue Agave Mexican Restaurant & Bar,3.5,140,Bensonhurst,"7201 16th Ave Brooklyn, NY 11204",11204
Hot Spot Nabe,4,90,Bensonhurst,"7204 18th Ave Brooklyn, NY 11204",11204
Mango Mango Dessert,4,93,Bensonhurst,"2024 86th St Brooklyn, NY 11214",11214
Carneval,4.5,58,Bensonhurst,"507 Grand St Brooklyn, NY 11211",11211
Starbucks,2.5,78,Bensonhurst,"6423 18th Ave Brooklyn, NY 11204",11204
Brew Memories,4.5,31,Bensonhurst,"295 7th Ave Brooklyn, NY 11215",11215
Lenny’s Pizza,3.5,160,Bensonhurst,"1969 86th St Brooklyn, NY 11214",11214
86 Fu Kee,3.5,164,Bensonhurst,"2211 86th St Brooklyn, NY 11214",11214
Ichi Sushi,3.5,179,Bensonhurst,"2040 86th St Brooklyn, NY 11214",11214
Italia Pizza,4,94,Bensonhurst,"307 Kings Hwy Brooklyn, NY 11223",11223
New Ruan’s Restaurant,3.5,111,Bensonhurst,"1955 86th St Brooklyn, NY 11214",11214
Fugu Sushi,3.5,157,Bensonhurst,"6804 Bay Pkwy Brooklyn, NY 11204",11204
Gotcha Cafe,4.5,40,Bensonhurst,"1712 86th St Brooklyn, NY 11214",11214
Avocados Mexican grill,5,28,Bensonhurst,"428 Kings Hwy Brooklyn, NY 11223",11223
Chris’s Restaurant,4,75,Bensonhurst,"1866 86th St Brooklyn, NY 11214",11214
Me-Do Desserts,4,73,Bensonhurst,"3 Bay 25th St Brooklyn, NY 11214",11214
Atlas Steakhouse and Sushi,4,205,Bensonhurst,"943 Coney Island Ave Brooklyn, NY 11230",11230
Mama Rao Cucina Italiana,4.5,221,Bensonhurst,"6408 11th Ave Brooklyn, NY 11219",11219
ViVi Bubble Tea,3.5,87,Bensonhurst,"6731 Bay Pkwy Bensonhurst, NY 11204",11204
Tacos Lopez,4,62,Bensonhurst,"18 th ave New Utrecht Brooklyn, NY 11209",11209
Grandma’s Bakery,4,59,Bensonhurst,"7208 13th Ave Brooklyn, NY 11228",11228
Kookoo Chicken,3.5,122,Bensonhurst,"1698 86th St Brooklyn, NY 11214",11214
Caffe Bene,3.5,131,Bensonhurst,"6307 18th Ave Brooklyn, NY 11204",11204
Bagel Bazaar,4,75,Bensonhurst,"2208 86th St Brooklyn, NY 11214",11214
80’s Tea,4,81,Bensonhurst,"6815 Bay Pkwy Brooklyn, NY 11204",11204
Kung Fu Tea,3,159,Bensonhurst,"2174 86th St Brooklyn, NY 11214",11214
Delicacy Passion Patisserie,4.5,35,Bensonhurst,"2379 86th St Brooklyn, NY 11214",11214
Bijan’s,4,590,Bensonhurst,"81 Hoyt St Brooklyn, NY 11211",11211
Prince Tea House,4.5,74,Bensonhurst,"15 Station Square Forest Hills, NY 11375",11375
Papa John’s Pizza,2.5,34,Bensonhurst,"189 Avenue U Brooklyn, NY 11223",11223
Ichi Sushi,3.5,96,Bensonhurst,"2040 86th St Brooklyn, NY 11214",11214
Nyonya,2.5,426,Bensonhurst,"2322 86th St Brooklyn, NY 11214",11214
Ting Fai Cuisine,3.5,97,Bensonhurst,"1962 86th St Brooklyn, NY 11214",11214
The Original John’s Deli,4,348,Bensonhurst,"2033 Stillwell Ave Brooklyn, NY 11223",11223
La Chacra,4,231,Bensonhurst,"1928 Bath Ave Brooklyn, NY 11214",11214
Pizza Daddy,3.5,134,Bensonhurst,"6422 Bay Pkwy Brooklyn, NY 11204",11204
Alegrito Espresso Bar,4.5,33,Bensonhurst,"2216 65th St Brooklyn, NY 11204",11204
Tommaso Restaurant,3.5,108,Bensonhurst,"1464 86th St Brooklyn, NY 11228",11228
Nagoya Fusion,3.5,134,Bensonhurst,"1948 86th St Brooklyn, NY 11214",11214
Mtskheta Cafe,4,69,Bensonhurst,"2568 86th St Brooklyn, NY 11214",11214
Northern Bell,4,284,Bensonhurst,"612 Metropolitan Ave Brooklyn, NY 11211",11211
Luna’s Kitchen & Bar,5,58,Bensonhurst,"77-02 Roosevelt Ave Ste AA Jackson Heights, NY 11372",11372
Carneval,4.5,58,Bensonhurst,"507 Grand St Brooklyn, NY 11211",11211
Mera,4,48,Bensonhurst,"282 Kings Hwy Brooklyn, NY 11223",11223
E’s Cake Shop,4.5,34,Bensonhurst,"1508 86th St Brooklyn, NY 11228",11228
Golden Bay Restaurant,3.5,94,Bensonhurst,"2144 86th St Brooklyn, NY 11214",11214
OFC Chicken V,3.5,111,Bensonhurst,"1972 86th St Brooklyn, NY 11214",11214
King’s Kitchen,3,190,Bensonhurst,"2051 86th St Brooklyn, NY 11214",11214
El Gallo Taqueria,4,287,Bensonhurst,"214 Highlawn Ave Brooklyn, NY 11223",11223
Kasumi Sushi & BBQ,3.5,66,Bensonhurst,"1870 86th St Brooklyn, NY 11214",11214
Szechuan Garden,4,49,Bensonhurst,"84 Ave O Brooklyn, NY 11204",11204
Kushi Izakaya,3.5,81,Bensonhurst,"1934 86st Brooklyn, NY 11214",11214
L’Wren,5,42,Bensonhurst,"4004 5th Ave Brooklyn, NY 11232",11232
Atlas Steakhouse and Sushi,4,205,Bensonhurst,"943 Coney Island Ave Brooklyn, NY 11230",11230
Hop Fa Bakery,4,35,Bensonhurst,"6512 Bay Pkwy New York, NY 11204",11204
New Dyker Restaurant,4,46,Bensonhurst,"8505 18th Ave Brooklyn, NY 11214",11214
Nicoletti Coffee Roasters,4.5,18,Bensonhurst,"6723 13th Ave Brooklyn, NY 11219",11219
Blend Salad & Juice Bar,4,57,Bensonhurst,"1310 78th St Brooklyn, NY 11228",11228
NY Noodles,3.5,63,Bensonhurst,"2369 86th St Brooklyn, NY 11214",11214
La Boheme Lounge,3.5,65,Bensonhurst,"1790 Stillwell Ave Brooklyn, NY 11223",11223
Pizza Den,3.5,106,Bensonhurst,"8521 18th Ave Brooklyn, NY 11214",11214
Knapp Pizza III,3.5,103,Bensonhurst,"427 Kings Hwy Brooklyn, NY 11223",11223
Papa Mikes Brick Oven Pizza,4,53,Bensonhurst,"7416 20th Ave Brooklyn, NY 11204",11204
Salvatoria Kitchen & Bar,4.5,203,Bensonhurst,"31-18 Broadway Astoria, NY 11106",11106
Carneval,4.5,58,Bensonhurst,"507 Grand St Brooklyn, NY 11211",11211
Little Saigon Pearl,4,153,Bensonhurst,"9 Bay 35th St Brooklyn, NY 11214",11214
E Dim Sum,4.5,16,Bensonhurst,"2006 65th St Brooklyn, NY 11204",11204
Superior Wonton Noodles,4,27,Bensonhurst,"2145 86th St Brooklyn, NY 11214",11214
Good Day Seafood Restaurant,3,90,Bensonhurst,"6202 18th Ave Brooklyn, NY 11204",11204
Tiger Sugar,4.5,27,Bensonhurst,"2132 86th St Brooklyn, NY 11214",11214
Naniwa Sushi,3.5,106,Bensonhurst,"276 Kings Hwy Brooklyn, NY 11223",11223
La Cemita Restaurant,4,34,Bensonhurst,"6417 20th Ave Brooklyn, NY 11204",11204
Cafe Paris,4.5,27,Bensonhurst,"8421 20th Ave Brooklyn, NY 11214",11214
Giulia’s Cucina & Desserts,4.5,15,Bensonhurst,"1611-13 Bay Ridge Pkwy Brooklyn, NY 11204",11204
El Pollo III,3.5,82,Bensonhurst,"8603 18th Ave Brooklyn, NY 11214",11214
Northern Bell,4,284,Bensonhurst,"612 Metropolitan Ave Brooklyn, NY 11211",11211
L’Wren,5,42,Bensonhurst,"4004 5th Ave Brooklyn, NY 11232",11232
Prince Tea House,4.5,74,Bensonhurst,"15 Station Square Forest Hills, NY 11375",11375
Fujiyama Japanese Restaurant,3.5,74,Bensonhurst,"7307 13th Ave Brooklyn, NY 11228",11228
Queen Ann Ravioli & Macaroni,4.5,19,Bensonhurst,"7205 18th Ave Brooklyn, NY 11204",11204
